,name,numwindings,connected_from,connected_to
0,hvmv115_69sub,2,hvmv115_hsb2,regxfmr_hvmv69sub1_lsb1
1,hvmv69_11sub1,2,hvmv69sub1_hsb,regxfmr_hvmv11sub1_lsb
2,feeder_reg1a,2,regxfmr_hvmv11sub1_lsb,hvmv11sub1_lsb
3,feeder_reg1b,2,regxfmr_hvmv11sub1_lsb,hvmv11sub1_lsb
4,feeder_reg1c,2,regxfmr_hvmv11sub1_lsb,hvmv11sub1_lsb
5,hvmv69_11sub2,2,hvmv69sub2_hsb,regxfmr_hvmv11sub2_lsb
6,feeder_reg2a,2,regxfmr_hvmv11sub2_lsb,hvmv11sub2_lsb
7,feeder_reg2b,2,regxfmr_hvmv11sub2_lsb,hvmv11sub2_lsb
8,feeder_reg2c,2,regxfmr_hvmv11sub2_lsb,hvmv11sub2_lsb
9,hvmv69_11sub3,2,hvmv69sub3_hsb,regxfmr_hvmv11sub3_lsb
10,feeder_reg3a,2,regxfmr_hvmv11sub3_lsb,hvmv11sub3_lsb
11,feeder_reg3b,2,regxfmr_hvmv11sub3_lsb,hvmv11sub3_lsb
12,feeder_reg3c,2,regxfmr_hvmv11sub3_lsb,hvmv11sub3_lsb
13,t21396254a,3,l2804253,x2804253a
14,t5321859b,3,l3254213,x3254213b
15,t5391741b,3,l3216339,x3216339b
16,t5293672a,3,l2954355,x2954355a
17,t21474711c,3,l2861197,x2861197c
18,t5260488a,3,l2842379,x2842379a
19,t5391758b,3,l2841636,x2841636b
20,t228091193a,3,l3047289,x3047289a
21,t228091193b,3,l3047289,x3047289b
22,t228091193c,3,l3047289,x3047289c
23,t5302862c,3,l3085399,x3085399c
24,t21236413b,3,l3085391,x3085391b
25,t5302468a,3,l2897778,x2897778a
26,t5294787a,3,l3197647,x3197647a
27,t5157715b,3,l2936275,x2936275b
28,t5355768b,3,l2729408,x2729408b
29,t5138562a,3,l2673310,x2673310a
30,t5355934a,3,l3048212,x3048212a
31,t5293483a,3,l3104133,x3104133a
32,t21399762a,3,l2879087,x2879087a
33,t5138650c,3,l2710510,x2710510c
34,t5323242b,3,l3122810,x3122810b
35,t28127090c,3,l2954352,x2954352c
36,t5138769a,3,l2729411,x2729411a
37,t5338896a,3,l3178971,x3178971a
38,t5355586b,3,l3254234,x3254234b
39,t5293471a,3,293471,x_293471a
40,t5293471b,3,293471,x_293471b
41,t5293471c,3,293471,x_293471c
42,t5338954a,3,l2860482,x2860482a
43,t21459629c,3,l2763811,x2763811c
44,t5260562a,3,l3251799,x3251799a
45,t21393486c,3,l2898526,x2898526c
46,t5293518b,3,l2897780,x2897780b
47,t226195194c,3,l3027124,x3027124c
48,t21383494b,3,l2954361,x2954361b
49,t5251863c,3,l2745811,x2745811c
50,t5293645a,3,l2841633,x2841633a
51,t21482431a,3,l2917359,x2917359a
52,t5293480a,3,l2748158,x2748158a
53,t21469911a,3,l2955047,x2955047a
54,t5355432c,3,l3122837,x3122837c
55,t5323285b,3,l2804269,x2804269b
56,t226192954c,3,l3157708,x3157708c
57,t5207292c,3,l3179682,x3179682c
58,t5337672b,3,l2822877,x2822877b
59,t5442373c,3,l3141393,x3141393c
60,t21470405a,3,l2897801,x2897801a
61,t5218474a,3,l3217056,x3217056a
62,t5218472a,3,l2936270,x2936270a
63,t5356014a,3,l3235249,x3235249a
64,t5260528c,3,l3217052,x3217052c
65,t5355933a,3,l2916598,x2916598a
66,t5138649a,3,l3048206,x3048206a
67,t5391978c,3,l3141402,x3141402c
68,t5138642a,3,l3235256,x3235256a
69,t21149420a,3,l3178973,x3178973a
70,t21382992a,3,l3197654,x3197654a
71,t5338958c,3,l3066809,x3066809c
72,t5355585b,3,l2766742,x2766742b
73,t5338900a,3,l2991908,x2991908a
74,t5323389b,3,l3065750,x3065750b
75,t28127253a,3,l3085401,x3085401a
76,t21397067a,3,l2729413,x2729413a
77,t5260520b,3,l3254915,x3254915b
78,t5323250b,3,l2748131,x2748131b
79,t5337659c,3,l3066810,x3066810c
80,t28118903b,3,l2973146,x2973146b
81,t21398646b,3,l2973180,x2973180b
82,t5293656b,3,l2973167,x2973167b
83,t5338910c,3,l2841621,x2841621c
84,t28129923c,3,l3123509,x3123509c
85,t5337716a,3,l2841627,x2841627a
86,t5337698b,3,l3235250,x3235250b
87,t2224386946a,3,l3728037,x3728037a
88,t5330121b,3,l3142078,x3142078b
89,t5323252b,3,l2879066,x2879066b
90,t5441331c,3,l3235254,x3235254c
91,t5260474a,3,l2917330,x2917330a
92,t5355376b,3,l2914323,x2914323b
93,t5338944c,3,l3197640,x3197640c
94,t5260640c,3,l3179673,x3179673c
95,t5274997c,3,l3048228,x3048228c
96,t5138372c,3,l3104126,x3104126c
97,t226308721a,3,l2990098,x2990098a
98,t21380616a,3,l2879067,x2879067a
99,t226193170a,3,l3176656,x3176656a
100,t5293666c,3,l2710532,x2710532c
101,t5338994b,3,l3160115,x3160115b
102,t228665517c,3,l3103822,x3103822c
103,t5260647a,3,l2805034,x2805034a
104,t226115278a,3,l3157167,x3157167a
105,t5338977a,3,l2916620,x2916620a
106,t5338977b,3,l2916620,x2916620b
107,t5338977c,3,l2916620,x2916620c
108,t5321876a,3,l3027132,x3027132a
109,t5275001c,3,l2822862,x2822862c
110,t227411650c,3,l2937757,x2937757c
111,t21396699b,3,l2860483,x2860483b
112,t5302412a,3,l3048210,x3048210a
113,t2223661373a,3,l3312692,x3312692a
114,t226881700a,3,l3251854,x3251854a
115,t5355777b,3,l3085398,x3085398b
116,t5337671a,3,l3254207,x3254207a
117,t5339018a,3,l2729424,x2729424a
118,t21398676a,3,l3066816,x3066816a
119,t5138469c,3,l2785518,x2785518c
120,t5138373c,3,l3029503,x3029503c
121,t5391995a,3,l2748140,x2748140a
122,t225533423c,3,l2891575,x2891575c
123,t5260568c,3,l2842329,x2842329c
124,t5138754b,3,l3254212,x3254212b
125,t5260552a,3,l3198348,x3198348a
126,t5338968c,3,l3178979,x3178979c
127,t5247061a,3,l2879054,x2879054a
128,t5391746b,3,l3085388,x3085388b
129,t5338941c,3,l2991914,x2991914c
130,t5338982b,3,l2785534,x2785534b
131,t5339008b,3,l3122835,x3122835b
132,t21391094a,3,l3085395,x3085395a
133,t5138581a,3,l2879064,x2879064a
134,t5338979b,3,l3066814,x3066814b
135,t226308720a,3,l2821087,x2821087a
136,t5355595b,3,l2860479,x2860479b
137,t2224387113a,3,l3728042,x3728042a
138,t21397005a,3,l2935557,x2935557a
139,t5274985c,3,l2822864,x2822864c
140,t5321836a,3,l3235247,x3235247a
141,t225673440a,3,l3251807,x3251807a
142,t5337641c,3,l2804282,x2804282c
143,t5293659c,3,l2935560,x2935560c
144,t5339011b,3,l3104145,x3104145b
145,t5218473a,3,l3086078,x3086078a
146,t28121587a,3,l2860477,x2860477a
147,t2224230689c,3,l3645811,x3645811c
148,t227734175b,3,l3102793,x3102793b
149,t5337694b,3,l2991910,x2991910b
150,t21357515a,3,l2710511,x2710511a
151,t28127390c,3,l2860486,x2860486c
152,t21387929c,3,l2935551,x2935551c
153,t5355605b,3,l2729409,x2729409b
154,t5260630b,3,l2973833,x2973833b
155,t5337660c,3,l2897769,x2897769c
156,t5293663c,3,l3216368,x3216368c
157,t5138719a,3,l2860490,x2860490a
158,t5251858c,3,l2861158,x2861158c
159,t5302804c,3,l3141399,x3141399c
160,t5356062b,3,l3122816,x3122816b
161,t5346639c,3,l2992556,x2992556c
162,t5302508c,3,l2897779,x2897779c
163,t5321881a,3,l2970811,x2970811a
164,t5355433c,3,l2991933,x2991933c
165,t21398402a,3,l2729428,x2729428a
166,t21398563a,3,l3254216,x3254216a
167,t21386771b,3,l2897807,x2897807b
168,t5260648a,3,l2898522,x2898522a
169,t5293490c,3,l3048230,x3048230c
170,t225901711a,3,l3195327,x3195327a
171,t227902981a,3,l3047058,x3047058a
172,t5321853b,3,l2673313,x2673313b
173,t2224237653a,3,l3649302,x3649302a
174,t2224386592a,3,l3729297,x3729297a
175,t5391990a,3,l2858163,x2858163a
176,t226881057b,3,l3214112,x3214112b
177,t225533531a,3,l2685805,x2685805a
178,t5247056a,3,l2991912,x2991912a
179,t227905262a,3,l3140238,x3140238a
180,t21469960b,3,l3066830,x3066830b
181,t5260511c,3,l3160878,x3160878c
182,t5138346c,3,l2916609,x2916609c
183,t225806974a,3,l2876814,x2876814a
184,t5355944b,3,l3197646,x3197646b
185,t5138569a,3,l2973151,x2973151a
186,t5337625c,3,l3197627,x3197627c
187,t5321874a,3,l2764412,x2764412a
188,t5337713c,3,l2766716,x2766716c
189,t5391757b,3,l2991917,x2991917b
190,t5338998b,3,l3254229,x3254229b
191,t5356064b,3,l2935556,x2935556b
192,t5323275b,3,l3197660,x3197660b
193,t21389237a,3,l2989565,x2989565a
194,t2224230615c,3,l3645809,x3645809c
195,t5260463b,3,l3086075,x3086075b
196,t5302402a,3,l3122824,x3122824a
197,t5355599b,3,l3216338,x3216338b
198,t21393412b,3,l2729405,x2729405b
199,t5356807a,3,l2823545,x2823545a
200,t5293660b,3,l2916610,x2916610b
201,t227731863a,3,l3177665,x3177665a
202,t227760021a,3,l2803199,x2803199a
203,t227760021b,3,l2803199,x2803199b
204,t227760021c,3,l2803199,x2803199c
205,t5391980a,3,l2691952,x2691952a
206,t5338984a,3,l2748144,x2748144a
207,t5337702b,3,l3029504,x3029504b
208,t5337696b,3,l3197635,x3197635b
209,t225577437c,3,l2724120,x2724120c
210,t5337676a,3,l3235244,x3235244a
211,t5323418a,3,l2804254,x2804254a
212,t226192936b,3,l2820531,x2820531b
213,t5337706b,3,l3254214,x3254214b
214,t5339010b,3,l2691966,x2691966b
215,t5391987a,3,l3122822,x3122822a
216,t5310569a,3,l3197639,x3197639a
217,t225869139a,3,l3120503,x3120503a
218,t5337708b,3,l3216349,x3216349b
219,t226308719b,3,l3027670,x3027670b
220,t5337630c,3,l3085392,x3085392c
221,t5138655a,3,l3010556,x3010556a
222,t226194826a,3,l3232902,x3232902a
223,t5356808a,3,l3101782,x3101782a
224,t5355593b,3,l2766715,x2766715b
225,t5356787c,3,l2970804,x2970804c
226,t5321845b,3,l3178975,x3178975b
227,t5337720a,3,l2841648,x2841648a
228,t5337631c,3,l3029497,x3029497c
229,t21486213b,3,l3029520,x3029520b
230,t28127319b,3,l2766744,x2766744b
231,t5337666b,3,l3029518,x3029518b
232,t5356809a,3,l2936214,x2936214a
233,t5323397b,3,l2954346,x2954346b
234,t5337692b,3,l2879061,x2879061b
235,t5339042b,3,l3141394,x3141394b
236,t5260501b,3,l3142098,x3142098b
237,t2224230754c,3,l3645812,x3645812c
238,t5138563a,3,l2916627,x2916627a
239,t5338936c,3,l3066815,x3066815c
240,t5247185b,3,l3179678,x3179678b
241,t21482181a,3,l3254237,x3254237a
242,t5323280b,3,l2710512,x2710512b
243,t5138264b,3,l3104125,x3104125b
244,t5337679a,3,l3010559,x3010559a
245,t21357984c,3,l2897790,x2897790c
246,t5260553c,3,l2711225,x2711225c
247,t5293523a,3,l2766729,x2766729a
248,t5302507b,3,l3235275,x3235275b
249,t2224387019a,3,l3728038,x3728038a
250,t5355431c,3,l3048222,x3048222c
251,t5138404c,3,l2841630,x2841630c
252,t5138574a,3,l2991907,x2991907a
253,t5138466c,3,l2973144,x2973144c
254,t21397721a,3,l3178976,x3178976a
255,t5337684a,3,l3159448,x3159448a
256,t5339051c,3,l3231255,x3231255c
257,t5337623c,3,l3197626,x3197626c
258,t226308725b,3,l2802480,x2802480b
259,t5356804a,3,l2823544,x2823544a
260,t5355604b,3,l2841624,x2841624b
261,t21459660c,3,l3101194,x3101194c
262,t5337636c,3,l2841619,x2841619c
263,t5260505c,3,l2861218,x2861218c
264,t5325245b,3,l2710513,x2710513b
265,t21385192c,3,l2879062,x2879062c
266,t5260496b,3,l2879767,x2879767b
267,t21399220c,3,l2766725,x2766725c
268,t5337655c,3,l3141396,x3141396c
269,t5330122b,3,l2879752,x2879752b
270,t28148060c,3,l2991940,x2991940c
271,t5302674a,3,l2673321,x2673321a
272,t5355601b,3,l2673326,x2673326b
273,t225533703c,3,l2925506,x2925506c
274,t5356814c,3,l2730106,x2730106c
275,t226196648a,3,l2820556,x2820556a
276,t5321861c,3,l3235248,x3235248c
277,t5355840b,3,l2822871,x2822871b
278,t21243817a,3,l2955076,x2955076a
279,t5260589b,3,l2955005,x2955005b
280,t5338961c,3,l3254208,x3254208c
281,t5337723a,3,l3178978,x3178978a
282,t5138573a,3,l3235253,x3235253a
283,t5321888c,3,l3235241,x3235241c
284,t28148580b,3,l3197636,x3197636b
285,t28126875b,3,l3066811,x3066811b
286,t2224192013a,3,l3632979,x3632979a
287,t5260532c,3,l3086074,x3086074c
288,t21389831a,3,l2674051,x2674051a
289,t21396331b,3,l3178981,x3178981b
290,t227732939b,3,l3046854,x3046854b
291,t5321856b,3,l2860506,x2860506b
292,t5260625c,3,l3048966,x3048966c
293,t5338950b,3,l2822872,x2822872b
294,t226194419c,3,l3214071,x3214071c
295,t5275247b,3,l2786273,x2786273b
296,t5260518c,3,l3104853,x3104853c
297,t5138259c,3,l2973158,x2973158c
298,t5338926a,3,l3216123,x3216123a
299,t5321855b,3,l2860485,x2860485b
300,t5356800a,3,l3235946,x3235946a
301,t5339047a,3,l2973148,x2973148a
302,t5321894c,3,l3066829,x3066829c
303,t5337627c,3,l3085393,x3085393c
304,t5355358b,3,l2673322,x2673322b
305,t22112371533c,3,l3263051,x3263051c
306,t5323274b,3,l2860500,x2860500b
307,t21396015a,3,l3048211,x3048211a
308,t2224387074a,3,l3728041,x3728041a
309,t5323237b,3,l3048199,x3048199b
310,t5338949b,3,l3104136,x3104136b
311,t5356015a,3,l2916599,x2916599a
312,t5138718c,3,l3104134,x3104134c
313,t5338959c,3,l2954344,x2954344c
314,t5157718b,3,l3142099,x3142099b
315,t5321884c,3,l2710515,x2710515c
316,t5207286c,3,l3011298,x3011298c
317,t5323263a,3,l3066812,x3066812a
318,t21399707a,3,l3141403,x3141403a
319,t226191772c,3,l3120484,x3120484c
320,t5293667a,3,l2860504,x2860504a
321,t5293424c,3,l2766750,x2766750c
322,t5337709b,3,l2879077,x2879077b
323,t5323391b,3,l3159037,x3159037b
324,t28147899c,3,l3160793,x3160793c
325,t226308717a,3,l3233412,x3233412a
326,t28147018b,3,l2841620,x2841620b
327,t21396815c,3,l3253995,x3253995c
328,t5247184c,3,l2936279,x2936279c
329,t5339043c,3,l2804277,x2804277c
330,t5302405a,3,l2860489,x2860489a
331,t227917127c,3,l2690868,x2690868c
332,t5356788c,3,l3176661,x3176661c
333,t5321886c,3,l2766746,x2766746c
334,t5293657b,3,l3189189,x3189189b
335,t5138237b,3,l3048196,x3048196b
336,t5310560a,3,l2879074,x2879074a
337,t5260598a,3,l3067478,x3067478a
338,t5302373b,3,l2766726,x2766726b
339,t5260476a,3,l2936271,x2936271a
340,t21389092b,3,l2917328,x2917328b
341,t5356063c,3,l3160103,x3160103c
342,t2223878647b,3,l3448661,x3448661b
343,t5354851b,3,l2991901,x2991901b
344,t5338997b,3,l2860499,x2860499b
345,t226193422b,3,l2726975,x2726975b
346,t5391745b,3,l2673300,x2673300b
347,t5251855c,3,l2730107,x2730107c
348,t5339006b,3,l2916619,x2916619b
349,t5355437c,3,l2710525,x2710525c
350,t5391752b,3,l2804260,x2804260b
351,t5338920a,3,l3197631,x3197631a
352,t5338925a,3,l2973153,x2973153a
353,t5138685a,3,l3122813,x3122813a
354,t5338992b,3,l2935567,x2935567b
355,t5260513c,3,l2917336,x2917336c
356,t5302809c,3,l2954350,x2954350c
357,t5323388b,3,l3234185,x3234185b
358,t5138265a,3,l3160107,x3160107a
359,t5338970a,3,l3141401,x3141401a
360,t228445756c,3,l2972704,x2972704c
361,t5138771a,3,l3197644,x3197644a
362,t21471907a,3,l2897805,x2897805a
363,t22112168880c,3,l2766499,x2766499c
364,t5302469a,3,l3104132,x3104132a
365,t5323286b,3,l2989564,x2989564b
366,t5302735a,3,l2991923,x2991923a
367,t5260529c,3,l3217053,x3217053c
368,t5338933b,3,l3216345,x3216345b
369,t5247059a,3,l2766721,x2766721a
370,t226024307b,3,l3119793,x3119793b
371,t5294788a,3,l2821010,x2821010a
372,t5321890c,3,l3104118,x3104118c
373,t5337678a,3,l3160101,x3160101a
374,t5328364c,3,l2692633,x2692633c
375,t5138374c,3,l2691950,x2691950c
376,t5355603b,3,l3160108,x3160108b
377,t5338999b,3,l2822873,x2822873b
378,t5260586b,3,l3048887,x3048887b
379,t5338995b,3,l3254227,x3254227b
380,t5260484a,3,l2992624,x2992624a
381,t227100746a,3,l3226771,x3226771a
382,t5356794c,3,l3086002,x3086002c
383,t5351020c,3,l3045895,x3045895c
384,t5338935b,3,l2973160,x2973160b
385,t226193078a,3,l2764403,x2764403a
386,t21031694b,3,l3122812,x3122812b
387,t226193892b,3,l3176660,x3176660b
388,t21399619c,3,l2991943,x2991943c
389,t5321887c,3,l2691941,x2691941c
390,t225534325a,3,l2983432,x2983432a
391,t228219458b,3,l3215549,x3215549b
392,t5260543c,3,l2955077,x2955077c
393,t5337722a,3,l2973157,x2973157a
394,t5138379c,3,l2691951,x2691951c
395,t5260480c,3,l3030199,x3030199c
396,t21389307c,3,l2692655,x2692655c
397,t21399752a,3,l2785546,x2785546a
398,t21400185a,3,l2935559,x2935559a
399,t5338927a,3,l2972930,x2972930a
400,t5338922b,3,l2822866,x2822866b
401,t21382813a,3,l2748781,x2748781a
402,t2224230651c,3,l3645810,x3645810c
403,t5138380c,3,l2879076,x2879076c
404,t21031684a,3,l2841616,x2841616a
405,t5338921a,3,l2935554,x2935554a
406,t5337724a,3,l2879075,x2879075a
407,t28150292a,3,l2839305,x2839305a
408,t21249674b,3,l2879753,x2879753b
409,t5138567a,3,l2748129,x2748129a
410,t5247060a,3,l2991906,x2991906a
411,t5391737b,3,l2804247,x2804247b
412,t226194280b,3,l3195318,x3195318b
413,t5251856c,3,l3048888,x3048888c
414,t5274903c,3,l2935552,x2935552c
415,t226193345a,3,l2876797,x2876797a
416,t5391765b,3,l3085389,x3085389b
417,t5323403b,3,l2916603,x2916603b
418,t21209868a,3,l2710518,x2710518a
419,t5260573c,3,l3160896,x3160896c
420,t5302858c,3,l2897776,x2897776c
421,t225940756b,3,l2913406,x2913406b
422,t5392036b,3,l2991915,x2991915b
423,t5260500b,3,l2711224,x2711224b
424,t28128007c,3,l2897766,x2897766c
425,t5138342c,3,l2897775,x2897775c
426,t5391736b,3,l3029495,x3029495b
427,t225571871b,3,l2911069,x2911069b
428,t5338893a,3,l3197633,x3197633a
429,t21373784a,3,l3066817,x3066817a
430,t21455388c,3,l2879089,x2879089c
431,t226193662a,3,l3195315,x3195315a
432,t5355943c,3,l2785529,x2785529c
433,t5260627a,3,l2992656,x2992656a
434,t5260650a,3,l2692661,x2692661a
435,t5339019a,3,l3160114,x3160114a
436,t5337728a,3,l3082992,x3082992a
437,t5391744b,3,l2710537,x2710537b
438,t5293487b,3,l3254238,x3254238b
439,t227447984c,3,l2862616,x2862616c
440,t5302374b,3,l2785526,x2785526b
441,t227921427a,3,l2915542,x2915542a
442,t227921427b,3,l2915542,x2915542b
443,t227921427c,3,l2915542,x2915542c
444,t5310561a,3,l3122820,x3122820a
445,t5338966c,3,l3029505,x3029505c
446,t28127681b,3,l2785522,x2785522b
447,t21474614c,3,l2710543,x2710543c
448,t5260503b,3,l2917310,x2917310b
449,t226159329a,3,l3082993,x3082993a
450,t2224386617a,3,l3729298,x3729298a
451,t5337619a,3,l2990826,x2990826a
452,t5337619b,3,l2990826,x2990826b
453,t5337619c,3,l2990826,x2990826c
454,t5338985a,3,l2897792,x2897792a
455,t5302509c,3,l2804261,x2804261c
456,t227100753a,3,l3189190,x3189190a
457,t5355375a,3,l2689691,x2689691a
458,t5293681a,3,l3195751,x3195751a
459,t5338957c,3,l2785517,x2785517c
460,t5275007c,3,l2916606,x2916606c
461,t21399112c,3,l3254217,x3254217c
462,t21380156b,3,l2841641,x2841641b
463,t5321840b,3,l2804256,x2804256b
464,t28120183c,3,l3122818,x3122818c
465,t5302732a,3,l2691953,x2691953a
466,t5260487a,3,l2692654,x2692654a
467,t5323279b,3,l3235246,x3235246b
468,t5260542a,3,l2955078,x2955078a
469,t226311345b,3,l3139598,x3139598b
470,t21459651c,3,l2763812,x2763812c
471,t5351019c,3,l2767414,x2767414c
472,t5391749b,3,l2991918,x2991918b
473,t5321159a,3,l3008248,x3008248a
474,t5260515a,3,l3160865,x3160865a
475,t5355606b,3,l3029510,x3029510b
476,t5321891c,3,l2748126,x2748126c
477,t21399826a,3,l3216358,x3216358a
478,t5260458b,3,l2936276,x2936276b
479,t22112168874c,3,l2729207,x2729207c
480,t5337634c,3,l2897768,x2897768c
481,t21386065c,3,l2917255,x2917255c
482,t226192890c,3,l2933120,x2933120c
483,t225498968b,3,l2684420,x2684420b
484,t5391986a,3,l2766723,x2766723a
485,t5138645b,3,l3104120,x3104120b
486,t5337693b,3,l3066813,x3066813b
487,t5323236b,3,l2822860,x2822860b
488,t226197070a,3,l2933135,x2933135a
489,t2224237384a,3,l3649298,x3649298a
490,t5391755b,3,l3104130,x3104130b
491,t5338986a,3,l2785538,x2785538a
492,t5293423b,3,l3122849,x3122849b
493,t5260475a,3,l2879794,x2879794a
494,t5338894a,3,l2879069,x2879069a
495,t5138560a,3,l3104113,x3104113a
496,t5260473a,3,l2861222,x2861222a
497,t21197413c,3,l3141411,x3141411c
498,t5294843a,3,l3178982,x3178982a
499,t5247036c,3,l3029498,x3029498c
500,t5355843a,3,l2952013,x2952013a
501,t5391751b,3,l2860488,x2860488b
502,t5302812c,3,l2691945,x2691945c
503,t226308731a,3,l3214549,x3214549a
504,t21396867a,3,l2710536,x2710536a
505,t5356811a,3,l2804956,x2804956a
506,t5302811c,3,l3160105,x3160105c
507,t5294845a,3,l3010563,x3010563a
508,t2224237380a,3,l3649297,x3649297a
509,t21386877a,3,l2823611,x2823611a
510,t5138586c,3,l2860487,x2860487c
511,t5247122b,3,l3197629,x3197629b
512,t5323400b,3,l2691943,x2691943b
513,t21397029a,3,l2673311,x2673311a
514,t5356791c,3,l2767343,x2767343c
515,t5337646b,3,l2879063,x2879063b
516,t5138716c,3,l3254219,x3254219c
517,t5339004b,3,l3197653,x3197653b
518,t5355602b,3,l3251806,x3251806b
519,t5337653b,3,l2673308,x2673308b
520,t5323233b,3,l3254203,x3254203b
521,t28120126a,3,l2814529,x2814529a
522,t28120126b,3,l2814529,x2814529b
523,t28120126c,3,l2814529,x2814529c
524,t5223658a,3,l2823592,x2823592a
525,t5138652c,3,l2766718,x2766718c
526,t227678342c,3,l2727795,x2727795c
527,t21249647b,3,l2955055,x2955055b
528,t5337700b,3,l2766722,x2766722b
529,t5356790c,3,l2804957,x2804957c
530,t5302392a,3,l3010570,x3010570a
531,t2224237391a,3,l3649299,x3649299a
532,t5138470c,3,l2766717,x2766717c
533,t5260581c,3,l3254870,x3254870c
534,t226191951b,3,l2801895,x2801895b
535,t5392037b,3,l2673320,x2673320b
536,t5138797b,3,l3198358,x3198358b
537,t5251857c,3,l3064514,x3064514c
538,t5293644a,3,l2729429,x2729429a
539,t21396606c,3,l2785525,x2785525c
540,t21395720c,3,l2860492,x2860492c
541,t5338897a,3,l2973154,x2973154a
542,t5355935a,3,l2691973,x2691973a
543,t5274988c,3,l3085394,x3085394c
544,t5323282b,3,l2897791,x2897791b
545,t226109079a,3,l2726983,x2726983a
546,t5207287b,3,l2711234,x2711234b
547,t5302510c,3,l3178980,x3178980c
548,t2224387053a,3,l3728039,x3728039a
549,t5260631a,3,l2786266,x2786266a
550,t5355618b,3,l2954338,x2954338b
551,t5260575b,3,l3254869,x3254869b
552,t5350993c,3,l3198356,x3198356c
553,t5260481c,3,l2730163,x2730163c
554,t5260641b,3,l3048965,x3048965b
555,t5337650a,3,l3010561,x3010561a
556,t5355780b,3,l3160102,x3160102b
557,t5275002c,3,l3066806,x3066806c
558,t21452406b,3,l3216361,x3216361b
559,t21399326c,3,l2879092,x2879092c
560,t5338964c,3,l3104117,x3104117c
561,t28119958b,3,l2935568,x2935568b
562,t21381118b,3,l2710530,x2710530b
563,t5337673a,3,l2841618,x2841618a
564,t2224387138a,3,l3728043,x3728043a
565,t5323243b,3,l2897765,x2897765b
566,t5138564a,3,l2804283,x2804283a
567,t223400157c,3,l3150961,x3150961c
568,t227989724b,3,l2859391,x2859391b
569,t5355592b,3,l3254206,x3254206b
570,t5138565a,3,l3104122,x3104122a
571,t5138720a,3,l3254218,x3254218a
572,t5338913b,3,l2804255,x2804255b
573,t21470326a,3,l2766748,x2766748a
574,t5355600b,3,l2691938,x2691938b
575,t226308728a,3,l3027671,x3027671a
576,t5323265b,3,l2860501,x2860501b
577,t5391750b,3,l2897764,x2897764b
578,t5260494b,3,l3068944,x3068944b
579,t5138770a,3,l2897781,x2897781a
580,t5302637a,3,l2748132,x2748132a
581,t5302367b,3,l2766727,x2766727b
582,t5391739b,3,l2954339,x2954339b
583,t28120855a,3,l2673316,x2673316a
584,t2224237713a,3,l3649304,x3649304a
585,t5323241b,3,l2710508,x2710508b
586,t5138679a,3,l2710520,x2710520a
587,t5302813c,3,l3010567,x3010567c
588,t226193745b,3,l2876798,x2876798b
589,t228314460c,3,l3253570,x3253570c
590,t5391977a,3,l3216350,x3216350a
591,t5321854b,3,l2804257,x2804257b
592,t5356789c,3,l3048937,x3048937c
593,t5338973a,3,l2748157,x2748157a
594,t226193838c,3,l3008237,x3008237c
595,t5293652a,3,l3235258,x3235258a
596,t5293652b,3,l3235258,x3235258b
597,t5293652c,3,l3235258,x3235258c
598,t5338978c,3,l2766738,x2766738c
599,t5337703b,3,l2691948,x2691948b
600,t21393570c,3,l2674052,x2674052c
601,t0107693b,3,l3160868,x3160868b
602,t28128464c,3,l3048889,x3048889c
603,t5260572c,3,l3236004,x3236004c
604,t5293519b,3,l3235255,x3235255b
605,t21386157a,3,l3067447,x3067447a
606,t226163575b,3,l2989432,x2989432b
607,t5302514a,3,l2973164,x2973164a
608,t5138343c,3,l3010565,x3010565c
609,t226192762b,3,l2689678,x2689678b
610,t5157717b,3,l2748840,x2748840b
611,t5260602b,3,l2989566,x2989566b
612,t5138416c,3,l3141388,x3141388c
613,t21397771a,3,l2673317,x2673317a
614,t21399171c,3,l2822870,x2822870c
615,t226191779c,3,l2745799,x2745799c
616,t5207291c,3,l2786274,x2786274c
617,t5302679a,3,l2897772,x2897772a
618,t5441854c,3,l2935566,x2935566c
619,t228532641a,3,l3091052,x3091052a
620,t5138776c,3,l3010566,x3010566c
621,t5302410a,3,l3104131,x3104131a
622,t5356010a,3,l3216336,x3216336a
623,t226192994a,3,l2858166,x2858166a
624,t5337629c,3,l2748128,x2748128c
625,t5338967c,3,l2673318,x2673318c
626,t21397304a,3,l2973169,x2973169a
627,t5310570a,3,l3160106,x3160106a
628,t5260637c,3,l2842384,x2842384c
629,t5260577c,3,l2767341,x2767341c
630,t5293658c,3,l3189188,x3189188c
631,t21482279a,3,l2710544,x2710544a
632,t21015706a,3,l3160123,x3160123a
633,t5355607b,3,l2991927,x2991927b
634,t21483138a,3,l3122847,x3122847a
635,t226192492b,3,l3008232,x3008232b
636,t5260591b,3,l3179607,x3179607b
637,t5293486c,3,l2673346,x2673346c
638,t5337690b,3,l3104127,x3104127b
639,t5356805a,3,l3195321,x3195321a
640,t5338963c,3,l2673303,x2673303c
641,t5294789a,3,l2895461,x2895461a
642,t226192684a,3,l3027116,x3027116a
643,t21475841a,3,l2992657,x2992657a
644,t5337642c,3,l3104154,x3104154c
645,t21451973b,3,l3010580,x3010580b
646,t2224386863a,3,l3727710,x3727710a
647,t5351021c,3,l2692664,x2692664c
648,t21384099a,3,l3215385,x3215385a
649,t21384099b,3,l3215385,x3215385b
650,t21384099c,3,l3215385,x3215385c
651,t21397645a,3,l2860493,x2860493a
652,t227896008c,3,l3177881,x3177881c
653,t2224386842a,3,l3727709,x3727709a
654,t5138752b,3,l2785528,x2785528b
655,t5339012b,3,l2973171,x2973171b
656,t5138412c,3,l2785523,x2785523c
657,t2224237546a,3,l3649300,x3649300a
658,t5302861c,3,l2748133,x2748133c
659,t21399630a,3,l3233353,x3233353a
660,t5337705b,3,l2785547,x2785547b
661,t5323277b,3,l2897800,x2897800b
662,t5337652b,3,l2991939,x2991939b
663,t225571845b,3,l2948732,x2948732b
664,t5247162b,3,l0247162,x0247162b
665,t5247126b,3,l2879065,x2879065b
666,t5138561a,3,l3104121,x3104121a
667,t5293425a,3,l2763153,x2763153a
668,t5294786c,3,l2766724,x2766724c
669,t5260491c,3,l2805031,x2805031c
670,t5275248b,3,l2805036,x2805036b
671,t5339044c,3,l3197625,x3197625c
672,t5356810c,3,l3142049,x3142049c
673,t2223703238c,3,l3342743,x3342743c
674,t28044328c,3,l2785524,x2785524c
675,t5293665c,3,l2973166,x2973166c
676,t225533675b,3,l3225319,x3225319b
677,t226191850a,3,l3270814,x3270814a
678,t5338899c,3,l3122814,x3122814c
679,t5337628c,3,l2897770,x2897770c
680,t5355767b,3,l3197634,x3197634b
681,t0107636a,3,l3030204,x3030204a
682,t226308729b,3,l3102286,x3102286b
683,t226195333c,3,l2801909,x2801909c
684,t5337669a,3,l3122811,x3122811a
685,t5338942a,3,l2822869,x2822869a
686,t21474556a,3,l3086098,x3086098a
687,t225897846a,3,l3120504,x3120504a
688,t2224386889a,3,l3727712,x3727712a
689,t5294842a,3,l3101789,x3101789a
690,t5138647c,3,l3254210,x3254210c
691,t5260464a,3,l2730187,x2730187a
692,t5337648b,3,l3216367,x3216367b
693,t5275000c,3,l2710509,x2710509c
694,t5337674a,3,l3066805,x3066805a
695,t5338932c,3,l3197661,x3197661c
696,t5356793c,3,l3179608,x3179608c
697,t228549643a,3,l2916234,x2916234a
698,t5302471a,3,l3085402,x3085402a
699,t225897943c,3,l2875754,x2875754c
700,t5355590b,3,l2860478,x2860478b
701,t5247164b,3,l2766732,x2766732b
702,t5207288b,3,l3198355,x3198355b
703,t227895952a,3,l3065665,x3065665a
704,t21148701b,3,l2897771,x2897771b
705,t5138294b,3,l2785516,x2785516b
706,t22112168866c,3,l2729206,x2729206c
707,t226192185a,3,l3195310,x3195310a
708,t21458756c,3,l3232301,x3232301c
709,t5260624c,3,l3048946,x3048946c
710,t5251867c,3,l2861157,x2861157c
711,t228580047b,3,l3029183,x3029183b
712,t5138684a,3,l3085396,x3085396a
713,t5138570a,3,l2748146,x2748146a
714,t21399361b,3,l2691954,x2691954b
715,t226193134c,3,l2895449,x2895449c
716,t5138258c,3,l2991911,x2991911c
717,t5293609c,3,l2785515,x2785515c
718,t5355938a,3,l2804262,x2804262a
719,t5247160b,3,l0247160,x0247160b
720,t5338975a,3,l2785537,x2785537a
721,t5302860c,3,l3122819,x3122819c
722,t5355598b,3,l2804245,x2804245b
723,t5323254b,3,l2879068,x2879068b
724,t21391242b,3,l2767409,x2767409b
725,t225533162a,3,l2685809,x2685809a
726,t5138585c,3,l3197637,x3197637c
727,t5138751b,3,l3066818,x3066818b
728,t225906836c,3,l2763407,x2763407c
729,t5260527b,3,l2711226,x2711226b
730,t5338947b,3,l3160109,x3160109b
731,t5321839a,3,l2710516,x2710516a
732,t5293591a,3,l3197641,x3197641a
733,t5302805c,3,l2954351,x2954351c
734,t5338993b,3,l2804272,x2804272b
735,t5138566a,3,l2785519,x2785519a
736,t5356797c,3,l2955006,x2955006c
737,t5338924c,3,l3104123,x3104123c
738,t5293655a,3,l2729414,x2729414a
739,t5293655b,3,l2729414,x2729414b
740,t5293655c,3,l2729414,x2729414c
741,t5260643a,3,l2692660,x2692660a
742,t5338987a,3,l2897793,x2897793a
743,t5302807c,3,l3235266,x3235266c
744,t227917122a,3,l2915534,x2915534a
745,t28127372a,3,l2804259,x2804259a
746,t226192493b,3,l2764399,x2764399b
747,t5337635c,3,l2822863,x2822863c
748,t5218475a,3,l3217057,x3217057a
749,t227760024a,3,l3215203,x3215203a
750,t227760024b,3,l3215203,x3215203b
751,t227760024c,3,l3215203,x3215203c
752,t21399305a,3,l3048221,x3048221a
753,t5260517c,3,l2767408,x2767408c
754,t21397121c,3,l3122848,x3122848c
755,t21399099a,3,l2841635,x2841635a
756,t5302375b,3,l2973162,x2973162b
757,t5338953b,3,l3122821,x3122821b
758,t5260574c,3,l3123452,x3123452c
759,t5391992a,3,l3029500,x3029500a
760,t5323264b,3,l3216344,x3216344b
761,t5338962c,3,l2748125,x2748125c
762,t5138755b,3,l2785520,x2785520b
763,t5338956a,3,l3104119,x3104119a
764,t5310568a,3,l2710517,x2710517a
765,t5337647a,3,l3048227,x3048227a
766,t28120195b,3,l3048209,x3048209b
767,t5293521a,3,l3216370,x3216370a
768,t5293521b,3,l3216370,x3216370b
769,t5293521c,3,l3216370,x3216370c
770,t5302677a,3,l3066819,x3066819a
771,t5355778c,3,l2673314,x2673314c
772,t5302369b,3,l3197643,x3197643b
773,t227917130c,3,l2803194,x2803194c
774,t5339007b,3,l2916617,x2916617b
775,t2224490448c,3,l3778577,x3778577c
776,t5337710b,3,l2991916,x2991916b
777,t22112168870c,3,l2897554,x2897554c
778,t21396796b,3,l3141397,x3141397b
779,t5321852c,3,l2916608,x2916608c
780,t226193899b,3,l3082983,x3082983b
781,t5323244b,3,l2804248,x2804248b
782,t5355937a,3,l2841639,x2841639a
783,t21395962a,3,l3197645,x3197645a
784,t5223661c,3,l2730108,x2730108c
785,t5337643c,3,l2897806,x2897806c
786,t5302810c,3,l3178977,x3178977c
787,t5391976c,3,l2841631,x2841631c
788,t5356796c,3,l3235945,x3235945c
789,t5260502b,3,l2748839,x2748839b
790,t225991691a,3,l2989571,x2989571a
791,t2224061203c,3,l3552667,x3552667c
792,t5138413c,3,l3216347,x3216347c
793,t5323287b,3,l2897789,x2897789b
794,t5321847b,3,l3160100,x3160100b
795,t5337687b,3,l2973156,x2973156b
796,t5302474a,3,l3048214,x3048214a
797,t21357865a,3,l2766719,x2766719a
798,t5355597b,3,l2729401,x2729401b
799,t229106135c,3,l2991640,x2991640c
800,t226264795a,3,l3139366,x3139366a
801,t5337729a,3,l2728247,x2728247a
802,t5337729b,3,l2728247,x2728247b
803,t5337729c,3,l2728247,x2728247c
804,t5293608c,3,l2673306,x2673306c
805,t5355936a,3,l2954357,x2954357a
806,t28149184c,3,l3141395,x3141395c
807,t226193338a,3,l2876796,x2876796a
808,t5391979c,3,l3197642,x3197642c
809,t5251862c,3,l3254873,x3254873c
810,t5355591b,3,l2822858,x2822858b
811,t2224387062a,3,l3728040,x3728040a
812,t226193361b,3,l3157710,x3157710b
813,t5323267b,3,l2710514,x2710514b
814,t226924200b,3,l2763072,x2763072b
815,t5302676a,3,l2710519,x2710519a
816,t2224386874a,3,l3727711,x3727711a
817,t5356009a,3,l2691936,x2691936a
818,t5138641c,3,l2841638,x2841638c
819,t5337714c,3,l3254209,x3254209c
820,t21380453a,3,l3010557,x3010557a
821,t226191778c,3,l2820528,x2820528c
822,t226029836a,3,l3251808,x3251808a
823,t2224237718a,3,l3649305,x3649305a
824,t226194093a,3,l3157718,x3157718a
825,t5302673a,3,l3010569,x3010569a
826,t5293522a,3,l2785527,x2785527a
827,t227917133c,3,l3047073,x3047073c
828,t2224238167a,3,l3649306,x3649306a
829,t5293592a,3,l2973161,x2973161a
830,t225918926b,3,l2688692,x2688692b
831,t5138717c,3,l3254220,x3254220c
832,t5356007a,3,l3141389,x3141389a
833,t5356008a,3,l3197618,x3197618a
834,t226193696a,3,l3143999,x3143999a
835,t5337689b,3,l2691949,x2691949b
836,t5337624c,3,l3066807,x3066807c
837,t5321880a,3,l2876812,x2876812a
838,t5392038b,3,l2841634,x2841634b
839,t5337712c,3,l3235245,x3235245c
840,t21399508a,3,l3104135,x3104135a
841,t5294809a,3,l2952014,x2952014a
842,t5274994c,3,l3048205,x3048205c
843,t5260461b,3,l2861223,x2861223b
844,t5223655c,3,l2936268,x2936268c
845,t5138465c,3,l2879055,x2879055c
846,t5323387b,3,l2690941,x2690941b
847,t5338918a,3,l2897773,x2897773a
848,t5260561c,3,l3104850,x3104850c
849,t226192846b,3,l3139086,x3139086b
850,t2224386750a,3,l3727707,x3727707a
851,t5260576c,3,l3030126,x3030126c
852,t5391756b,3,l2879079,x2879079b
853,t5391994a,3,l3066821,x3066821a
854,t5337715a,3,l3254204,x3254204a
855,t28150172a,3,l2748135,x2748135a
856,t5294844a,3,l2841623,x2841623a
857,t5337699b,3,l2954349,x2954349b
858,t226194002b,3,l2801902,x2801902b
859,t5321851b,3,l2729434,x2729434b
860,t5260555a,3,l3048962,x3048962a
861,t226101460a,3,l2857591,x2857591a
862,t28128517c,3,l3048890,x3048890c
863,t5260567c,3,l2936211,x2936211c
864,t5338981b,3,l2820535,x2820535b
865,t225533215c,3,l3097861,x3097861c
866,t5391743b,3,l3141390,x3141390b
867,t5391996a,3,l3141412,x3141412a
868,t28118822a,3,l2991920,x2991920a
869,t5260558c,3,l3160861,x3160861c
870,t5355842a,3,l2876813,x2876813a
871,t5338943c,3,l2729410,x2729410c
872,t5293492c,3,l2841637,x2841637c
873,t5355779c,3,l3122817,x3122817c
874,t5260457b,3,l3086079,x3086079b
875,t21393454b,3,l3179699,x3179699b
876,t5321848b,3,l3085390,x3085390b
877,t5338960c,3,l2897767,x2897767c
878,t5356065b,3,l3104124,x3104124b
879,t5138646a,3,l2804251,x2804251a
880,t5337654c,3,l3066808,x3066808c
881,t5337691b,3,l2897774,x2897774b
882,t5391738b,3,l3104115,x3104115b
883,t5247171b,3,l0247171,x0247171b
884,t226192175c,3,l3214055,x3214055c
885,t5328367c,3,l3104830,x3104830c
886,t5247084b,3,l3254211,x3254211b
887,t5247100b,3,l2729407,x2729407b
888,t226101449a,3,l3027133,x3027133a
889,t5321838a,3,l2691944,x2691944a
890,t226194262c,3,l2745806,x2745806c
891,t22112168887c,3,l2878848,x2878848c
892,t5355773a,3,l2991909,x2991909a
893,t226192926a,3,l2726973,x2726973a
894,t5337718a,3,l2691947,x2691947a
895,t5251859c,3,l2952007,x2952007c
896,t5260622c,3,l3198347,x3198347c
897,t21467859b,3,l2916625,x2916625b
898,t226193298a,3,l2820533,x2820533a
899,t21399809a,3,l2785531,x2785531a
900,t5294812a,3,l3120502,x3120502a
901,t226308723b,3,l3252336,x3252336b
902,t5338945a,3,l2954353,x2954353a
903,t5321837a,3,l2673312,x2673312a
904,t5441311a,3,l2766720,x2766720a
905,t5338934b,3,l2879070,x2879070b
906,t5157716b,3,l3179674,x3179674b
907,t5338930b,3,l3029506,x3029506b
908,t5337717a,3,l3216348,x3216348a
909,t21400215b,3,l3048231,x3048231b
910,t227921416a,3,l3065696,x3065696a
911,t5323399b,3,l3178974,x3178974b
912,t5321882c,3,l2916607,x2916607c
913,t5339021a,3,l3197652,x3197652a
914,t5355589b,3,l2691939,x2691939b
915,t225668688a,3,l2858175,x2858175a
916,t5302803c,3,l3085400,x3085400c
917,t5355596b,3,l3178969,x3178969b
918,t21400108b,3,l2748139,x2748139b
919,t21380500c,3,l3235242,x3235242c
920,t28150189a,3,l2729412,x2729412a
921,t226193737c,3,l3082981,x3082981c
922,t5391989a,3,l2766747,x2766747a
923,t5328365b,3,l3179646,x3179646b
924,t21387206c,3,l3235251,x3235251c
925,t5337661b,3,l2766749,x2766749b
926,t5338965a,3,l3010568,x3010568a
927,t5391748b,3,l2991902,x2991902b
928,t5356013a,3,l2954348,x2954348a
929,t5323255b,3,l2860484,x2860484b
930,t21399229a,3,l2879078,x2879078a
931,t2224237643a,3,l3649301,x3649301a
932,t5302473a,3,l2804252,x2804252a
933,t226193886b,3,l2783231,x2783231b
934,t5323394b,3,l2710504,x2710504b
935,t21383553b,3,l2935547,x2935547b
936,t5391742b,3,l3048201,x3048201b
937,t5274992c,3,l2804250,x2804250c
938,t225700953a,3,l3081380,x3081380a
939,t226964880a,3,l3172805,x3172805a
940,t21386552b,3,l2822867,x2822867b
941,t5302734a,3,l2991922,x2991922a
942,t5338955b,3,l3010560,x3010560b
943,t5339002b,3,l2785536,x2785536b
944,t5260551c,3,l3160872,x3160872c
945,t5337665b,3,l2973178,x2973178b
946,t21426205b,3,l2731712,x2731712b
947,t28120786a,3,l2841628,x2841628a
948,t5321849b,3,l2748152,x2748152b
949,t5339049a,3,l2916602,x2916602a
950,t225533337a,3,l2929261,x2929261a
951,t5138680a,3,l2710521,x2710521a
952,t21249626b,3,l3142079,x3142079b
953,t5337695b,3,l2879072,x2879072b
954,t5323249b,3,l2729427,x2729427b
955,t5321841b,3,l2954347,x2954347b
956,t5260595a,3,l2767340,x2767340a
957,t5260595b,3,l2767340,x2767340b
958,t5260595c,3,l2767340,x2767340c
959,t5293427c,3,l3104157,x3104157c
960,t5321858b,3,l3122815,x3122815b
961,t5274987c,3,l2916605,x2916605c
962,t227944551a,3,l3234149,x3234149a
963,t227944551b,3,l3234149,x3234149b
964,t227944551c,3,l3234149,x3234149c
965,t21386143c,3,l3160862,x3160862c
966,t226308727b,3,l3233413,x3233413b
967,t5274986c,3,l2822865,x2822865c
968,t5391981a,3,l2879081,x2879081a
969,t28147974b,3,l2691946,x2691946b
970,t227411655c,3,l2806553,x2806553c
971,t5302859c,3,l3254215,x3254215c
972,t226192801c,3,l2951995,x2951995c
973,t5138651c,3,l3197628,x3197628c
974,t21470122b,3,l2673343,x2673343b
975,t28127146b,3,l3160864,x3160864b
976,t5260601c,3,l2730149,x2730149c
977,t5323284b,3,l3160113,x3160113b
978,t5294810a,3,l3010585,x3010585a
979,t5355359b,3,l2766730,x2766730b
980,t5260638c,3,l3160871,x3160871c
981,t5338969a,3,l3104129,x3104129a
982,t5302672c,3,l3254205,x3254205c
983,t5339046a,3,l2785511,x2785511a
984,t5355588b,3,l2822857,x2822857b
985,t5262075c,3,l3067448,x3067448c
986,t5260508a,3,l2955081,x2955081a
987,t28099529c,3,l3235268,x3235268c
988,t5356795c,3,l2842330,x2842330c
989,t227917119a,3,l2821770,x2821770a
990,t21400253b,3,l2691959,x2691959b
991,t5356801a,3,l3011229,x3011229a
992,t5223663c,3,l2936216,x2936216c
993,t5138371c,3,l2879073,x2879073c
994,t5323247b,3,l2935553,x2935553b
995,t5138753b,3,l2748130,x2748130b
996,t5339097b,3,l3085410,x3085410b
997,t5323283b,3,l2916618,x2916618b
998,t5321883c,3,l3010564,x3010564c
999,t21391390b,3,l3217064,x3217064b
1000,t5350994c,3,l3048968,x3048968c
1001,t5391973c,3,l2673319,x2673319c
1002,t5338937c,3,l2897777,x2897777c
1003,t2224500658a,3,l3784018,x3784018a
1004,t5138313a,3,l3141400,x3141400a
1005,t21388572b,3,l3235252,x3235252b
1006,t226010605c,3,l2764411,x2764411c
1007,t5260554c,3,l3030200,x3030200c
1008,t227653310c,3,l2746587,x2746587c
1009,t5325473b,3,l3010562,x3010562b
1010,t227187012a,3,l2896685,x2896685a
1011,t227187012b,3,l2896685,x2896685b
1012,t227187012c,3,l2896685,x2896685c
1013,t28121368a,3,l2748143,x2748143a
1014,t21398815a,3,l3216351,x3216351a
1015,t5391993a,3,l3156034,x3156034a
1016,t5247057a,3,l3104128,x3104128a
1017,t5138472c,3,l2673309,x2673309c
1018,t21474587c,3,l3104155,x3104155c
1019,t21248901b,3,l2729430,x2729430b
1020,t5138644a,3,l3197630,x3197630a
1021,t5338908c,3,l2860481,x2860481c
1022,t5323253b,3,l2973152,x2973152b
1023,t21357901b,3,l3160117,x3160117b
1024,t5323235b,3,l3197624,x3197624b
1025,t226308710b,3,l2708744,x2708744b
1026,t5260620c,3,l3067506,x3067506c
1027,t5302834c,3,l2841625,x2841625c
1028,t5323245b,3,l2785512,x2785512b
1029,t5138236b,3,l2673305,x2673305b
1030,t5323234b,3,l2860480,x2860480b
1031,t226196642a,3,l2914324,x2914324a
1032,t21386754a,3,l2766741,x2766741a
1033,t5339001b,3,l3178988,x3178988b
1034,t5339017c,3,l2729423,x2729423c
1035,t28147708b,3,l2991929,x2991929b
1036,t5356802a,3,l2767342,x2767342a
1037,t5356815a,3,l2936212,x2936212a
1038,t21389761b,3,l2861219,x2861219b
1039,t226163467a,3,l3120376,x3120376a
1040,t5302400a,3,l2991919,x2991919a
1041,t21380599a,3,l3066804,x3066804a
1042,t5274999c,3,l2935550,x2935550c
1043,t5247105b,3,l2691942,x2691942b
1044,t5260634a,3,l2842383,x2842383a
1045,t5223660c,3,l3160863,x3160863c
1046,t5337668b,3,l2935549,x2935549b
1047,t226194865a,3,l3027122,x3027122a
1048,t5338990b,3,l2673331,x2673331b
1049,t5338988a,3,l3254231,x3254231a
1050,t5321860b,3,l2785543,x2785543b
1051,t21459640c,3,l2970258,x2970258c
1052,t5323392b,3,l2748124,x2748124b
1053,t5207290a,3,l2879773,x2879773a
1054,t5302808c,3,l2841626,x2841626c
1055,t28148633a,3,l2991905,x2991905a
1056,t21015829a,3,l2822861,x2822861a
1057,t5356011a,3,l3216337,x3216337a
1058,t5260514c,3,l2674047,x2674047c
1059,t5338976b,3,l2691967,x2691967b
1060,t2224179616c,3,l3626914,x3626914c
1061,t227903012a,3,l3177894,x3177894a
1062,t226308716b,3,l2690187,x2690187b
1063,t5293673a,3,l3122827,x3122827a
1064,t2223664050b,3,l3315860,x3315860b
1065,t5355942a,3,l2973165,x2973165a
1066,t5338983b,3,l2691965,x2691965b
1067,t5391991a,3,l3216346,x3216346a
1068,t5321892c,3,l3235267,x3235267c
1069,t5138464c,3,l3066801,x3066801c
1070,t5260621c,3,l2898515,x2898515c
1071,t5337697b,3,l2804258,x2804258b
1072,t5302675a,3,l2954354,x2954354a
1073,t226308730a,3,l2802481,x2802481a
1074,t5323398b,3,l2710505,x2710505b
1075,t5355587b,3,l3104114,x3104114b
1076,t225533237b,3,l2798067,x2798067b
1077,t28118808a,3,l3122825,x3122825a
1078,t5337704b,3,l2710546,x2710546b
1079,t5337701b,3,l2879071,x2879071b
1080,t5337675a,3,l2785514,x2785514a
1081,t5260594a,3,l2898457,x2898457a
1082,t2224386815a,3,l3727708,x3727708a
1083,t5260590b,3,l3216988,x3216988b
1084,t5323266b,3,l3197632,x3197632b
1085,t5293422c,3,l3178997,x3178997c
1086,t5339005b,3,l2785535,x2785535b
1087,t5337626c,3,l3216343,x3216343c
1088,t5338919a,3,l2748127,x2748127a
1089,t5355438c,3,l2673323,x2673323c
1090,t5138798b,3,l3104859,x3104859b
1091,t228001810a,3,l2859403,x2859403a
1092,t5338915c,3,l2954345,x2954345c
1093,t5339048a,3,l3160098,x3160098a
1094,t5325474b,3,l3254228,x3254228b
1095,t5321878a,3,l3101788,x3101788a
1096,t5337677a,3,l2785513,x2785513a
1097,t225684682b,3,l3231269,x3231269b
1098,t28129399c,3,l2991921,x2991921c
1099,t5302731a,3,l3122826,x3122826a
1100,t21325725c,3,l2842390,x2842390c
1101,t5138571a,3,l2991913,x2991913a
1102,t5339020a,3,l3104144,x3104144a
1103,t5339013b,3,l2804270,x2804270b
1104,t5260632a,3,l2917333,x2917333a
1105,t5247058a,3,l2673315,x2673315a
1106,t225918936c,3,l2688693,x2688693c
1107,t5321893c,3,l2841645,x2841645c
1108,t5391740b,3,l3048200,x3048200b
1109,t5138260a,3,l3048208,x3048208a
1110,t5260535c,3,l3067507,x3067507c
1111,t21389962c,3,l2804249,x2804249c
1112,t5328363b,3,l2936213,x2936213b
1113,t228057846a,3,l3215340,x3215340a
1114,t5339052c,3,l3118855,x3118855c
1115,t5323261b,3,l3085397,x3085397b
1116,t5260569c,3,l3104796,x3104796c
1117,t228622562a,3,l3108449,x3108449a
1118,t5337632c,3,l2673307,x2673307c
1119,t21398536a,3,l2973159,x2973159a
1120,t5321877a,3,l3101787,x3101787a
1121,t5338931c,3,l2785521,x2785521c
1122,t5339016b,3,l3235273,x3235273b
1123,t5356798c,3,l2692600,x2692600c
1124,t21386442c,3,l3179637,x3179637c
1125,t5337633c,3,l2729406,x2729406c
1126,t5302678a,3,l3029499,x3029499a
1127,t5251828b,3,l3179650,x3179650b
1128,t5356803a,3,l2748780,x2748780a
1129,t21386976a,3,l3141398,x3141398a
1130,t5293668a,3,l3085403,x3085403a
1131,t5138796b,3,l3236011,x3236011b
1132,t5355584b,3,l2710542,x2710542b
1133,t226191995b,3,l2801896,x2801896b
1134,t5337688b,3,l3029501,x3029501b
1135,t228446184a,3,l3159645,x3159645a
1136,t226193698c,3,l3125349,x3125349c
1137,t5325472b,3,l2973149,x2973149b
1138,t21390038c,3,l3030205,x3030205c
1139,t5356012a,3,l2841615,x2841615a
1140,t5260495b,3,l2767407,x2767407b
1141,t225767272a,3,l3139103,x3139103a
1142,t28129466a,3,l3011293,x3011293a
1143,t28129466b,3,l3011293,x3011293b
1144,t28129466c,3,l3011293,x3011293c
1145,t226193702c,3,l3181545,x3181545c
1146,t5338917a,3,l2935555,x2935555a
1147,t5323248b,3,l3048207,x3048207b
1148,t5337707b,3,l3160104,x3160104b
1149,t21393643a,3,l2851933,x2851933a
1150,t21393643b,3,l2851933,x2851933b
1151,t21393643c,3,l2851933,x2851933c
1152,t5247170b,3,l2897784,x2897784b
1153,t5293664a,3,l3207907,x3207907a
1154,t5293664b,3,l3207907,x3207907b
1155,t5293664c,3,l3207907,x3207907c
1156,t226193395b,3,l2726974,x2726974b
1157,t5138262a,3,l3029502,x3029502a
1158,t5338923c,3,l3178972,x3178972c
1159,t5260607b,3,l3029055,x3029055b
1160,t5302368b,3,l3029507,x3029507b
1161,t5338989a,3,l3254230,x3254230a
1162,t5260639c,3,l3030203,x3030203c
1163,t5323273b,3,l3048203,x3048203b
1164,t5260521b,3,l3048963,x3048963b
1165,t21380325b,3,l2674027,x2674027b
1166,t5391753b,3,l2973163,x2973163b
1167,t5260479a,3,l2955074,x2955074a
1168,t5337645b,3,l3216342,x3216342b
1169,t5275008c,3,l3235243,x3235243c
1170,t226194421c,3,l3214069,x3214069c
1171,t5338972b,3,l2841632,x2841632b
1172,t5391747b,3,l2822859,x2822859b
1173,t5251865c,3,l3142050,x3142050c
1174,t5338898a,3,l2973155,x2973155a
1175,t5260605a,3,l2973791,x2973791a
1176,t5138405c,3,l2841629,x2841629c
1177,t21397544a,3,l2822868,x2822868a
1178,t5302370b,3,l3122823,x3122823b
1179,t5337614b,3,l2952003,x2952003b
1180,t5260467a,3,l3104856,x3104856a
1181,t5223662c,3,l2786204,x2786204c
1182,t21384215a,3,l2841622,x2841622a
1183,t21380528a,3,l2973150,x2973150a
1184,t5339003b,3,l3066826,x3066826b
1185,t21396959a,3,l3197638,x3197638a
1186,t5391985a,3,l2785530,x2785530a
1187,t226195153b,3,l3082988,x3082988b
1188,t5302733a,3,l2860491,x2860491a
1189,t5302733b,3,l2860491,x2860491b
1190,t1108403a,3,m1108403,x1108403a
1191,t1108403b,3,m1108403,x1108403b
1192,t1108403c,3,m1108403,x1108403c
1193,t1108404a,3,m1108404,x1108404a
1194,t1108404b,3,m1108404,x1108404b
1195,t1108404c,3,m1108404,x1108404c
1196,t1108405a,3,m1108405,x1108405a
1197,t1108405b,3,m1108405,x1108405b
1198,t1108405c,3,m1108405,x1108405c
1199,t1108406a,3,m1108406,x1108406a
1200,t1108406b,3,m1108406,x1108406b
1201,t1108407b,3,m1108407,x1108407b
1202,t6061820b,3,m1108410,x1108410b
1203,t2000402a,3,m2000402,x2000402a
1204,t2000403a,3,m2000403,x2000403a
1205,t2000404a,3,m2000404,x2000404a
1206,t2000405a,3,m2000405,x2000405a
1207,t2000406a,3,m2000406,x2000406a
1208,t2000407a,3,m2000407,x2000407a
1209,t2000408a,3,m2000408,x2000408a
1210,t2000409a,3,m2000409,x2000409a
1211,t2000410a,3,m2000410,x2000410a
1212,t2000411a,3,m2000411,x2000411a
1213,t2000412a,3,m2000412,x2000412a
1214,t2000413a,3,m2000413,x2000413a
1215,t2000414a,3,m2000414,x2000414a
1216,t2000415a,3,m2000415,x2000415a
1217,t2000702b,3,m2000702,x2000702b
1218,t2000703b,3,m2000703,x2000703b
1219,t2000704b,3,m2000704,x2000704b
1220,t2000705b,3,m2000705,x2000705b
1221,t2000706b,3,m2000706,x2000706b
1222,t2000707b,3,m2000707,x2000707b
1223,t2000708b,3,m2000708,x2000708b
1224,t2000709b,3,m2000709,x2000709b
1225,t2000710b,3,m2000710,x2000710b
1226,t2000711b,3,m2000711,x2000711b
1227,t2000712b,3,m2000712,x2000712b
1228,t2000713b,3,m2000713,x2000713b
1229,t2000714b,3,m2000714,x2000714b
1230,t2000715b,3,m2000715,x2000715b
1231,t2000902c,3,m2000902,x2000902c
1232,t2000903c,3,m2000903,x2000903c
1233,t2000904c,3,m2000904,x2000904c
1234,t2000905c,3,m2000905,x2000905c
1235,t2000906c,3,m2000906,x2000906c
1236,t2000907c,3,m2000907,x2000907c
1237,t2000908c,3,m2000908,x2000908c
1238,t2000909c,3,m2000909,x2000909c
1239,t2000910c,3,m2000910,x2000910c
1240,t2000911c,3,m2000911,x2000911c
1241,t2000912c,3,m2000912,x2000912c
1242,t2000913c,3,m2000913,x2000913c
1243,t2000914c,3,m2000914,x2000914c
1244,t2000915c,3,m2000915,x2000915c
1245,t2001002b,3,m2001002,x2001002b
1246,t2001003b,3,m2001003,x2001003b
1247,t2001004b,3,m2001004,x2001004b
1248,t2001005b,3,m2001005,x2001005b
1249,t2001006b,3,m2001006,x2001006b
1250,t2001007b,3,m2001007,x2001007b
1251,t2001008b,3,m2001008,x2001008b
1252,t2001009b,3,m2001009,x2001009b
1253,t2001010b,3,m2001010,x2001010b
1254,t2001011b,3,m2001011,x2001011b
1255,t2001012b,3,m2001012,x2001012b
1256,t2001013b,3,m2001013,x2001013b
1257,t2001014b,3,m2001014,x2001014b
1258,t2001015b,3,m2001015,x2001015b
1259,t2001202c,3,m2001202,x2001202c
1260,t2001203c,3,m2001203,x2001203c
1261,t2001204c,3,m2001204,x2001204c
1262,t2001205c,3,m2001205,x2001205c
1263,t2001206c,3,m2001206,x2001206c
1264,t2001207c,3,m2001207,x2001207c
1265,t2001208c,3,m2001208,x2001208c
1266,t2001209c,3,m2001209,x2001209c
1267,t2001210c,3,m2001210,x2001210c
1268,t2001211c,3,m2001211,x2001211c
1269,t2001212c,3,m2001212,x2001212c
1270,t2001213c,3,m2001213,x2001213c
1271,t2001214c,3,m2001214,x2001214c
1272,t2001215c,3,m2001215,x2001215c
1273,t2001302a,3,m2001302,x2001302a
1274,t2001303a,3,m2001303,x2001303a
1275,t2001304a,3,m2001304,x2001304a
1276,t2001305a,3,m2001305,x2001305a
1277,t2001306a,3,m2001306,x2001306a
1278,t2001307a,3,m2001307,x2001307a
1279,t2001308a,3,m2001308,x2001308a
1280,t2001309a,3,m2001309,x2001309a
1281,t2001310a,3,m2001310,x2001310a
1282,t2001311a,3,m2001311,x2001311a
1283,t2001312a,3,m2001312,x2001312a
1284,t2001313a,3,m2001313,x2001313a
1285,t2001314a,3,m2001314,x2001314a
1286,t2001315a,3,m2001315,x2001315a
1287,t2001400c,3,m2001400,x2001400c
1288,vreg2_a,2,regxfmr_190-8593,190-8593
1289,vreg2_b,2,regxfmr_190-8593,190-8593
1290,vreg2_c,2,regxfmr_190-8593,190-8593
1291,vreg3_a,2,regxfmr_190-8581,190-8581
1292,vreg3_b,2,regxfmr_190-8581,190-8581
1293,vreg3_c,2,regxfmr_190-8581,190-8581
1294,vreg4_a,2,regxfmr_190-7361,190-7361
1295,vreg4_b,2,regxfmr_190-7361,190-7361
1296,vreg4_c,2,regxfmr_190-7361,190-7361
1297,1209-dies1,2,e192258,m1209der480-1
1298,1142-lng1,2,m1142813,m1142der480-1
1299,2001-mt123,2,m2001500,m2001der480-1
1300,1089-lng1,2,m1089186,m1089der480-1
1301,1089-dies1,2,m1089220,m1089der480-2
1302,1069-mt1,2,m1069215,m1069der480-1
1303,2001-ess12,2,m2001500,m2001der480-2
