name,numwindings,connected_from,connected_to
hvmv115_69sub,2,hvmv115_hsb2,regxfmr_hvmv69sub1_lsb1
hvmv69_11sub1,2,hvmv69sub1_hsb,regxfmr_hvmv11sub1_lsb
feeder_reg1a,2,regxfmr_hvmv11sub1_lsb,hvmv11sub1_lsb
feeder_reg1b,2,regxfmr_hvmv11sub1_lsb,hvmv11sub1_lsb
feeder_reg1c,2,regxfmr_hvmv11sub1_lsb,hvmv11sub1_lsb
hvmv69_11sub2,2,hvmv69sub2_hsb,regxfmr_hvmv11sub2_lsb
feeder_reg2a,2,regxfmr_hvmv11sub2_lsb,hvmv11sub2_lsb
feeder_reg2b,2,regxfmr_hvmv11sub2_lsb,hvmv11sub2_lsb
feeder_reg2c,2,regxfmr_hvmv11sub2_lsb,hvmv11sub2_lsb
hvmv69_11sub3,2,hvmv69sub3_hsb,regxfmr_hvmv11sub3_lsb
feeder_reg3a,2,regxfmr_hvmv11sub3_lsb,hvmv11sub3_lsb
feeder_reg3b,2,regxfmr_hvmv11sub3_lsb,hvmv11sub3_lsb
feeder_reg3c,2,regxfmr_hvmv11sub3_lsb,hvmv11sub3_lsb
t21396254a,3,l2804253,x2804253a
t5321859b,3,l3254213,x3254213b
t5391741b,3,l3216339,x3216339b
t5293672a,3,l2954355,x2954355a
t21474711c,3,l2861197,x2861197c
t5260488a,3,l2842379,x2842379a
t5391758b,3,l2841636,x2841636b
t228091193a,3,l3047289,x3047289a
t228091193b,3,l3047289,x3047289b
t228091193c,3,l3047289,x3047289c
t5302862c,3,l3085399,x3085399c
t21236413b,3,l3085391,x3085391b
t5302468a,3,l2897778,x2897778a
t5294787a,3,l3197647,x3197647a
t5157715b,3,l2936275,x2936275b
t5355768b,3,l2729408,x2729408b
t5138562a,3,l2673310,x2673310a
t5355934a,3,l3048212,x3048212a
t5293483a,3,l3104133,x3104133a
t21399762a,3,l2879087,x2879087a
t5138650c,3,l2710510,x2710510c
t5323242b,3,l3122810,x3122810b
t28127090c,3,l2954352,x2954352c
t5138769a,3,l2729411,x2729411a
t5338896a,3,l3178971,x3178971a
t5355586b,3,l3254234,x3254234b
t5293471a,3,293471,x_293471a
t5293471b,3,293471,x_293471b
t5293471c,3,293471,x_293471c
t5338954a,3,l2860482,x2860482a
t21459629c,3,l2763811,x2763811c
t5260562a,3,l3251799,x3251799a
t21393486c,3,l2898526,x2898526c
t5293518b,3,l2897780,x2897780b
t226195194c,3,l3027124,x3027124c
t21383494b,3,l2954361,x2954361b
t5251863c,3,l2745811,x2745811c
t5293645a,3,l2841633,x2841633a
t21482431a,3,l2917359,x2917359a
t5293480a,3,l2748158,x2748158a
t21469911a,3,l2955047,x2955047a
t5355432c,3,l3122837,x3122837c
t5323285b,3,l2804269,x2804269b
t226192954c,3,l3157708,x3157708c
t5207292c,3,l3179682,x3179682c
t5337672b,3,l2822877,x2822877b
t5442373c,3,l3141393,x3141393c
t21470405a,3,l2897801,x2897801a
t5218474a,3,l3217056,x3217056a
t5218472a,3,l2936270,x2936270a
t5356014a,3,l3235249,x3235249a
t5260528c,3,l3217052,x3217052c
t5355933a,3,l2916598,x2916598a
t5138649a,3,l3048206,x3048206a
t5391978c,3,l3141402,x3141402c
t5138642a,3,l3235256,x3235256a
t21149420a,3,l3178973,x3178973a
t21382992a,3,l3197654,x3197654a
t5338958c,3,l3066809,x3066809c
t5355585b,3,l2766742,x2766742b
t5338900a,3,l2991908,x2991908a
t5323389b,3,l3065750,x3065750b
t28127253a,3,l3085401,x3085401a
t21397067a,3,l2729413,x2729413a
t5260520b,3,l3254915,x3254915b
t5323250b,3,l2748131,x2748131b
t5337659c,3,l3066810,x3066810c
t28118903b,3,l2973146,x2973146b
t21398646b,3,l2973180,x2973180b
t5293656b,3,l2973167,x2973167b
t5338910c,3,l2841621,x2841621c
t28129923c,3,l3123509,x3123509c
t5337716a,3,l2841627,x2841627a
t5337698b,3,l3235250,x3235250b
t2224386946a,3,l3728037,x3728037a
t5330121b,3,l3142078,x3142078b
t5323252b,3,l2879066,x2879066b
t5441331c,3,l3235254,x3235254c
t5260474a,3,l2917330,x2917330a
t5355376b,3,l2914323,x2914323b
t5338944c,3,l3197640,x3197640c
t5260640c,3,l3179673,x3179673c
t5274997c,3,l3048228,x3048228c
t5138372c,3,l3104126,x3104126c
t226308721a,3,l2990098,x2990098a
t21380616a,3,l2879067,x2879067a
t226193170a,3,l3176656,x3176656a
t5293666c,3,l2710532,x2710532c
t5338994b,3,l3160115,x3160115b
t228665517c,3,l3103822,x3103822c
t5260647a,3,l2805034,x2805034a
t226115278a,3,l3157167,x3157167a
t5338977a,3,l2916620,x2916620a
t5338977b,3,l2916620,x2916620b
t5338977c,3,l2916620,x2916620c
t5321876a,3,l3027132,x3027132a
t5275001c,3,l2822862,x2822862c
t227411650c,3,l2937757,x2937757c
t21396699b,3,l2860483,x2860483b
t5302412a,3,l3048210,x3048210a
t2223661373a,3,l3312692,x3312692a
t226881700a,3,l3251854,x3251854a
t5355777b,3,l3085398,x3085398b
t5337671a,3,l3254207,x3254207a
t5339018a,3,l2729424,x2729424a
t21398676a,3,l3066816,x3066816a
t5138469c,3,l2785518,x2785518c
t5138373c,3,l3029503,x3029503c
t5391995a,3,l2748140,x2748140a
t225533423c,3,l2891575,x2891575c
t5260568c,3,l2842329,x2842329c
t5138754b,3,l3254212,x3254212b
t5260552a,3,l3198348,x3198348a
t5338968c,3,l3178979,x3178979c
t5247061a,3,l2879054,x2879054a
t5391746b,3,l3085388,x3085388b
t5338941c,3,l2991914,x2991914c
t5338982b,3,l2785534,x2785534b
t5339008b,3,l3122835,x3122835b
t21391094a,3,l3085395,x3085395a
t5138581a,3,l2879064,x2879064a
t5338979b,3,l3066814,x3066814b
t226308720a,3,l2821087,x2821087a
t5355595b,3,l2860479,x2860479b
t2224387113a,3,l3728042,x3728042a
t21397005a,3,l2935557,x2935557a
t5274985c,3,l2822864,x2822864c
t5321836a,3,l3235247,x3235247a
t225673440a,3,l3251807,x3251807a
t5337641c,3,l2804282,x2804282c
t5293659c,3,l2935560,x2935560c
t5339011b,3,l3104145,x3104145b
t5218473a,3,l3086078,x3086078a
t28121587a,3,l2860477,x2860477a
t2224230689c,3,l3645811,x3645811c
t227734175b,3,l3102793,x3102793b
t5337694b,3,l2991910,x2991910b
t21357515a,3,l2710511,x2710511a
t28127390c,3,l2860486,x2860486c
t21387929c,3,l2935551,x2935551c
t5355605b,3,l2729409,x2729409b
t5260630b,3,l2973833,x2973833b
t5337660c,3,l2897769,x2897769c
t5293663c,3,l3216368,x3216368c
t5138719a,3,l2860490,x2860490a
t5251858c,3,l2861158,x2861158c
t5302804c,3,l3141399,x3141399c
t5356062b,3,l3122816,x3122816b
t5346639c,3,l2992556,x2992556c
t5302508c,3,l2897779,x2897779c
t5321881a,3,l2970811,x2970811a
t5355433c,3,l2991933,x2991933c
t21398402a,3,l2729428,x2729428a
t21398563a,3,l3254216,x3254216a
t21386771b,3,l2897807,x2897807b
t5260648a,3,l2898522,x2898522a
t5293490c,3,l3048230,x3048230c
t225901711a,3,l3195327,x3195327a
t227902981a,3,l3047058,x3047058a
t5321853b,3,l2673313,x2673313b
t2224237653a,3,l3649302,x3649302a
t2224386592a,3,l3729297,x3729297a
t5391990a,3,l2858163,x2858163a
t226881057b,3,l3214112,x3214112b
t225533531a,3,l2685805,x2685805a
t5247056a,3,l2991912,x2991912a
t227905262a,3,l3140238,x3140238a
t21469960b,3,l3066830,x3066830b
t5260511c,3,l3160878,x3160878c
t5138346c,3,l2916609,x2916609c
t225806974a,3,l2876814,x2876814a
t5355944b,3,l3197646,x3197646b
t5138569a,3,l2973151,x2973151a
t5337625c,3,l3197627,x3197627c
t5321874a,3,l2764412,x2764412a
t5337713c,3,l2766716,x2766716c
t5391757b,3,l2991917,x2991917b
t5338998b,3,l3254229,x3254229b
t5356064b,3,l2935556,x2935556b
t5323275b,3,l3197660,x3197660b
t21389237a,3,l2989565,x2989565a
t2224230615c,3,l3645809,x3645809c
t5260463b,3,l3086075,x3086075b
t5302402a,3,l3122824,x3122824a
t5355599b,3,l3216338,x3216338b
t21393412b,3,l2729405,x2729405b
t5356807a,3,l2823545,x2823545a
t5293660b,3,l2916610,x2916610b
t227731863a,3,l3177665,x3177665a
t227760021a,3,l2803199,x2803199a
t227760021b,3,l2803199,x2803199b
t227760021c,3,l2803199,x2803199c
t5391980a,3,l2691952,x2691952a
t5338984a,3,l2748144,x2748144a
t5337702b,3,l3029504,x3029504b
t5337696b,3,l3197635,x3197635b
t225577437c,3,l2724120,x2724120c
t5337676a,3,l3235244,x3235244a
t5323418a,3,l2804254,x2804254a
t226192936b,3,l2820531,x2820531b
t5337706b,3,l3254214,x3254214b
t5339010b,3,l2691966,x2691966b
t5391987a,3,l3122822,x3122822a
t5310569a,3,l3197639,x3197639a
t225869139a,3,l3120503,x3120503a
t5337708b,3,l3216349,x3216349b
t226308719b,3,l3027670,x3027670b
t5337630c,3,l3085392,x3085392c
t5138655a,3,l3010556,x3010556a
t226194826a,3,l3232902,x3232902a
t5356808a,3,l3101782,x3101782a
t5355593b,3,l2766715,x2766715b
t5356787c,3,l2970804,x2970804c
t5321845b,3,l3178975,x3178975b
t5337720a,3,l2841648,x2841648a
t5337631c,3,l3029497,x3029497c
t21486213b,3,l3029520,x3029520b
t28127319b,3,l2766744,x2766744b
t5337666b,3,l3029518,x3029518b
t5356809a,3,l2936214,x2936214a
t5323397b,3,l2954346,x2954346b
t5337692b,3,l2879061,x2879061b
t5339042b,3,l3141394,x3141394b
t5260501b,3,l3142098,x3142098b
t2224230754c,3,l3645812,x3645812c
t5138563a,3,l2916627,x2916627a
t5338936c,3,l3066815,x3066815c
t5247185b,3,l3179678,x3179678b
t21482181a,3,l3254237,x3254237a
t5323280b,3,l2710512,x2710512b
t5138264b,3,l3104125,x3104125b
t5337679a,3,l3010559,x3010559a
t21357984c,3,l2897790,x2897790c
t5260553c,3,l2711225,x2711225c
t5293523a,3,l2766729,x2766729a
t5302507b,3,l3235275,x3235275b
t2224387019a,3,l3728038,x3728038a
t5355431c,3,l3048222,x3048222c
t5138404c,3,l2841630,x2841630c
t5138574a,3,l2991907,x2991907a
t5138466c,3,l2973144,x2973144c
t21397721a,3,l3178976,x3178976a
t5337684a,3,l3159448,x3159448a
t5339051c,3,l3231255,x3231255c
t5337623c,3,l3197626,x3197626c
t226308725b,3,l2802480,x2802480b
t5356804a,3,l2823544,x2823544a
t5355604b,3,l2841624,x2841624b
t21459660c,3,l3101194,x3101194c
t5337636c,3,l2841619,x2841619c
t5260505c,3,l2861218,x2861218c
t5325245b,3,l2710513,x2710513b
t21385192c,3,l2879062,x2879062c
t5260496b,3,l2879767,x2879767b
t21399220c,3,l2766725,x2766725c
t5337655c,3,l3141396,x3141396c
t5330122b,3,l2879752,x2879752b
t28148060c,3,l2991940,x2991940c
t5302674a,3,l2673321,x2673321a
t5355601b,3,l2673326,x2673326b
t225533703c,3,l2925506,x2925506c
t5356814c,3,l2730106,x2730106c
t226196648a,3,l2820556,x2820556a
t5321861c,3,l3235248,x3235248c
t5355840b,3,l2822871,x2822871b
t21243817a,3,l2955076,x2955076a
t5260589b,3,l2955005,x2955005b
t5338961c,3,l3254208,x3254208c
t5337723a,3,l3178978,x3178978a
t5138573a,3,l3235253,x3235253a
t5321888c,3,l3235241,x3235241c
t28148580b,3,l3197636,x3197636b
t28126875b,3,l3066811,x3066811b
t2224192013a,3,l3632979,x3632979a
t5260532c,3,l3086074,x3086074c
t21389831a,3,l2674051,x2674051a
t21396331b,3,l3178981,x3178981b
t227732939b,3,l3046854,x3046854b
t5321856b,3,l2860506,x2860506b
t5260625c,3,l3048966,x3048966c
t5338950b,3,l2822872,x2822872b
t226194419c,3,l3214071,x3214071c
t5275247b,3,l2786273,x2786273b
t5260518c,3,l3104853,x3104853c
t5138259c,3,l2973158,x2973158c
t5338926a,3,l3216123,x3216123a
t5321855b,3,l2860485,x2860485b
t5356800a,3,l3235946,x3235946a
t5339047a,3,l2973148,x2973148a
t5321894c,3,l3066829,x3066829c
t5337627c,3,l3085393,x3085393c
t5355358b,3,l2673322,x2673322b
t22112371533c,3,l3263051,x3263051c
t5323274b,3,l2860500,x2860500b
t21396015a,3,l3048211,x3048211a
t2224387074a,3,l3728041,x3728041a
t5323237b,3,l3048199,x3048199b
t5338949b,3,l3104136,x3104136b
t5356015a,3,l2916599,x2916599a
t5138718c,3,l3104134,x3104134c
t5338959c,3,l2954344,x2954344c
t5157718b,3,l3142099,x3142099b
t5321884c,3,l2710515,x2710515c
t5207286c,3,l3011298,x3011298c
t5323263a,3,l3066812,x3066812a
t21399707a,3,l3141403,x3141403a
t226191772c,3,l3120484,x3120484c
t5293667a,3,l2860504,x2860504a
t5293424c,3,l2766750,x2766750c
t5337709b,3,l2879077,x2879077b
t5323391b,3,l3159037,x3159037b
t28147899c,3,l3160793,x3160793c
t226308717a,3,l3233412,x3233412a
t28147018b,3,l2841620,x2841620b
t21396815c,3,l3253995,x3253995c
t5247184c,3,l2936279,x2936279c
t5339043c,3,l2804277,x2804277c
t5302405a,3,l2860489,x2860489a
t227917127c,3,l2690868,x2690868c
t5356788c,3,l3176661,x3176661c
t5321886c,3,l2766746,x2766746c
t5293657b,3,l3189189,x3189189b
t5138237b,3,l3048196,x3048196b
t5310560a,3,l2879074,x2879074a
t5260598a,3,l3067478,x3067478a
t5302373b,3,l2766726,x2766726b
t5260476a,3,l2936271,x2936271a
t21389092b,3,l2917328,x2917328b
t5356063c,3,l3160103,x3160103c
t2223878647b,3,l3448661,x3448661b
t5354851b,3,l2991901,x2991901b
t5338997b,3,l2860499,x2860499b
t226193422b,3,l2726975,x2726975b
t5391745b,3,l2673300,x2673300b
t5251855c,3,l2730107,x2730107c
t5339006b,3,l2916619,x2916619b
t5355437c,3,l2710525,x2710525c
t5391752b,3,l2804260,x2804260b
t5338920a,3,l3197631,x3197631a
t5338925a,3,l2973153,x2973153a
t5138685a,3,l3122813,x3122813a
t5338992b,3,l2935567,x2935567b
t5260513c,3,l2917336,x2917336c
t5302809c,3,l2954350,x2954350c
t5323388b,3,l3234185,x3234185b
t5138265a,3,l3160107,x3160107a
t5338970a,3,l3141401,x3141401a
t228445756c,3,l2972704,x2972704c
t5138771a,3,l3197644,x3197644a
t21471907a,3,l2897805,x2897805a
t22112168880c,3,l2766499,x2766499c
t5302469a,3,l3104132,x3104132a
t5323286b,3,l2989564,x2989564b
t5302735a,3,l2991923,x2991923a
t5260529c,3,l3217053,x3217053c
t5338933b,3,l3216345,x3216345b
t5247059a,3,l2766721,x2766721a
t226024307b,3,l3119793,x3119793b
t5294788a,3,l2821010,x2821010a
t5321890c,3,l3104118,x3104118c
t5337678a,3,l3160101,x3160101a
t5328364c,3,l2692633,x2692633c
t5138374c,3,l2691950,x2691950c
t5355603b,3,l3160108,x3160108b
t5338999b,3,l2822873,x2822873b
t5260586b,3,l3048887,x3048887b
t5338995b,3,l3254227,x3254227b
t5260484a,3,l2992624,x2992624a
t227100746a,3,l3226771,x3226771a
t5356794c,3,l3086002,x3086002c
t5351020c,3,l3045895,x3045895c
t5338935b,3,l2973160,x2973160b
t226193078a,3,l2764403,x2764403a
t21031694b,3,l3122812,x3122812b
t226193892b,3,l3176660,x3176660b
t21399619c,3,l2991943,x2991943c
t5321887c,3,l2691941,x2691941c
t225534325a,3,l2983432,x2983432a
t228219458b,3,l3215549,x3215549b
t5260543c,3,l2955077,x2955077c
t5337722a,3,l2973157,x2973157a
t5138379c,3,l2691951,x2691951c
t5260480c,3,l3030199,x3030199c
t21389307c,3,l2692655,x2692655c
t21399752a,3,l2785546,x2785546a
t21400185a,3,l2935559,x2935559a
t5338927a,3,l2972930,x2972930a
t5338922b,3,l2822866,x2822866b
t21382813a,3,l2748781,x2748781a
t2224230651c,3,l3645810,x3645810c
t5138380c,3,l2879076,x2879076c
t21031684a,3,l2841616,x2841616a
t5338921a,3,l2935554,x2935554a
t5337724a,3,l2879075,x2879075a
t28150292a,3,l2839305,x2839305a
t21249674b,3,l2879753,x2879753b
t5138567a,3,l2748129,x2748129a
t5247060a,3,l2991906,x2991906a
t5391737b,3,l2804247,x2804247b
t226194280b,3,l3195318,x3195318b
t5251856c,3,l3048888,x3048888c
t5274903c,3,l2935552,x2935552c
t226193345a,3,l2876797,x2876797a
t5391765b,3,l3085389,x3085389b
t5323403b,3,l2916603,x2916603b
t21209868a,3,l2710518,x2710518a
t5260573c,3,l3160896,x3160896c
t5302858c,3,l2897776,x2897776c
t225940756b,3,l2913406,x2913406b
t5392036b,3,l2991915,x2991915b
t5260500b,3,l2711224,x2711224b
t28128007c,3,l2897766,x2897766c
t5138342c,3,l2897775,x2897775c
t5391736b,3,l3029495,x3029495b
t225571871b,3,l2911069,x2911069b
t5338893a,3,l3197633,x3197633a
t21373784a,3,l3066817,x3066817a
t21455388c,3,l2879089,x2879089c
t226193662a,3,l3195315,x3195315a
t5355943c,3,l2785529,x2785529c
t5260627a,3,l2992656,x2992656a
t5260650a,3,l2692661,x2692661a
t5339019a,3,l3160114,x3160114a
t5337728a,3,l3082992,x3082992a
t5391744b,3,l2710537,x2710537b
t5293487b,3,l3254238,x3254238b
t227447984c,3,l2862616,x2862616c
t5302374b,3,l2785526,x2785526b
t227921427a,3,l2915542,x2915542a
t227921427b,3,l2915542,x2915542b
t227921427c,3,l2915542,x2915542c
t5310561a,3,l3122820,x3122820a
t5338966c,3,l3029505,x3029505c
t28127681b,3,l2785522,x2785522b
t21474614c,3,l2710543,x2710543c
t5260503b,3,l2917310,x2917310b
t226159329a,3,l3082993,x3082993a
t2224386617a,3,l3729298,x3729298a
t5337619a,3,l2990826,x2990826a
t5337619b,3,l2990826,x2990826b
t5337619c,3,l2990826,x2990826c
t5338985a,3,l2897792,x2897792a
t5302509c,3,l2804261,x2804261c
t227100753a,3,l3189190,x3189190a
t5355375a,3,l2689691,x2689691a
t5293681a,3,l3195751,x3195751a
t5338957c,3,l2785517,x2785517c
t5275007c,3,l2916606,x2916606c
t21399112c,3,l3254217,x3254217c
t21380156b,3,l2841641,x2841641b
t5321840b,3,l2804256,x2804256b
t28120183c,3,l3122818,x3122818c
t5302732a,3,l2691953,x2691953a
t5260487a,3,l2692654,x2692654a
t5323279b,3,l3235246,x3235246b
t5260542a,3,l2955078,x2955078a
t226311345b,3,l3139598,x3139598b
t21459651c,3,l2763812,x2763812c
t5351019c,3,l2767414,x2767414c
t5391749b,3,l2991918,x2991918b
t5321159a,3,l3008248,x3008248a
t5260515a,3,l3160865,x3160865a
t5355606b,3,l3029510,x3029510b
t5321891c,3,l2748126,x2748126c
t21399826a,3,l3216358,x3216358a
t5260458b,3,l2936276,x2936276b
t22112168874c,3,l2729207,x2729207c
t5337634c,3,l2897768,x2897768c
t21386065c,3,l2917255,x2917255c
t226192890c,3,l2933120,x2933120c
t225498968b,3,l2684420,x2684420b
t5391986a,3,l2766723,x2766723a
t5138645b,3,l3104120,x3104120b
t5337693b,3,l3066813,x3066813b
t5323236b,3,l2822860,x2822860b
t226197070a,3,l2933135,x2933135a
t2224237384a,3,l3649298,x3649298a
t5391755b,3,l3104130,x3104130b
t5338986a,3,l2785538,x2785538a
t5293423b,3,l3122849,x3122849b
t5260475a,3,l2879794,x2879794a
t5338894a,3,l2879069,x2879069a
t5138560a,3,l3104113,x3104113a
t5260473a,3,l2861222,x2861222a
t21197413c,3,l3141411,x3141411c
t5294843a,3,l3178982,x3178982a
t5247036c,3,l3029498,x3029498c
t5355843a,3,l2952013,x2952013a
t5391751b,3,l2860488,x2860488b
t5302812c,3,l2691945,x2691945c
t226308731a,3,l3214549,x3214549a
t21396867a,3,l2710536,x2710536a
t5356811a,3,l2804956,x2804956a
t5302811c,3,l3160105,x3160105c
t5294845a,3,l3010563,x3010563a
t2224237380a,3,l3649297,x3649297a
t21386877a,3,l2823611,x2823611a
t5138586c,3,l2860487,x2860487c
t5247122b,3,l3197629,x3197629b
t5323400b,3,l2691943,x2691943b
t21397029a,3,l2673311,x2673311a
t5356791c,3,l2767343,x2767343c
t5337646b,3,l2879063,x2879063b
t5138716c,3,l3254219,x3254219c
t5339004b,3,l3197653,x3197653b
t5355602b,3,l3251806,x3251806b
t5337653b,3,l2673308,x2673308b
t5323233b,3,l3254203,x3254203b
t28120126a,3,l2814529,x2814529a
t28120126b,3,l2814529,x2814529b
t28120126c,3,l2814529,x2814529c
t5223658a,3,l2823592,x2823592a
t5138652c,3,l2766718,x2766718c
t227678342c,3,l2727795,x2727795c
t21249647b,3,l2955055,x2955055b
t5337700b,3,l2766722,x2766722b
t5356790c,3,l2804957,x2804957c
t5302392a,3,l3010570,x3010570a
t2224237391a,3,l3649299,x3649299a
t5138470c,3,l2766717,x2766717c
t5260581c,3,l3254870,x3254870c
t226191951b,3,l2801895,x2801895b
t5392037b,3,l2673320,x2673320b
t5138797b,3,l3198358,x3198358b
t5251857c,3,l3064514,x3064514c
t5293644a,3,l2729429,x2729429a
t21396606c,3,l2785525,x2785525c
t21395720c,3,l2860492,x2860492c
t5338897a,3,l2973154,x2973154a
t5355935a,3,l2691973,x2691973a
t5274988c,3,l3085394,x3085394c
t5323282b,3,l2897791,x2897791b
t226109079a,3,l2726983,x2726983a
t5207287b,3,l2711234,x2711234b
t5302510c,3,l3178980,x3178980c
t2224387053a,3,l3728039,x3728039a
t5260631a,3,l2786266,x2786266a
t5355618b,3,l2954338,x2954338b
t5260575b,3,l3254869,x3254869b
t5350993c,3,l3198356,x3198356c
t5260481c,3,l2730163,x2730163c
t5260641b,3,l3048965,x3048965b
t5337650a,3,l3010561,x3010561a
t5355780b,3,l3160102,x3160102b
t5275002c,3,l3066806,x3066806c
t21452406b,3,l3216361,x3216361b
t21399326c,3,l2879092,x2879092c
t5338964c,3,l3104117,x3104117c
t28119958b,3,l2935568,x2935568b
t21381118b,3,l2710530,x2710530b
t5337673a,3,l2841618,x2841618a
t2224387138a,3,l3728043,x3728043a
t5323243b,3,l2897765,x2897765b
t5138564a,3,l2804283,x2804283a
t223400157c,3,l3150961,x3150961c
t227989724b,3,l2859391,x2859391b
t5355592b,3,l3254206,x3254206b
t5138565a,3,l3104122,x3104122a
t5138720a,3,l3254218,x3254218a
t5338913b,3,l2804255,x2804255b
t21470326a,3,l2766748,x2766748a
t5355600b,3,l2691938,x2691938b
t226308728a,3,l3027671,x3027671a
t5323265b,3,l2860501,x2860501b
t5391750b,3,l2897764,x2897764b
t5260494b,3,l3068944,x3068944b
t5138770a,3,l2897781,x2897781a
t5302637a,3,l2748132,x2748132a
t5302367b,3,l2766727,x2766727b
t5391739b,3,l2954339,x2954339b
t28120855a,3,l2673316,x2673316a
t2224237713a,3,l3649304,x3649304a
t5323241b,3,l2710508,x2710508b
t5138679a,3,l2710520,x2710520a
t5302813c,3,l3010567,x3010567c
t226193745b,3,l2876798,x2876798b
t228314460c,3,l3253570,x3253570c
t5391977a,3,l3216350,x3216350a
t5321854b,3,l2804257,x2804257b
t5356789c,3,l3048937,x3048937c
t5338973a,3,l2748157,x2748157a
t226193838c,3,l3008237,x3008237c
t5293652a,3,l3235258,x3235258a
t5293652b,3,l3235258,x3235258b
t5293652c,3,l3235258,x3235258c
t5338978c,3,l2766738,x2766738c
t5337703b,3,l2691948,x2691948b
t21393570c,3,l2674052,x2674052c
t0107693b,3,l3160868,x3160868b
t28128464c,3,l3048889,x3048889c
t5260572c,3,l3236004,x3236004c
t5293519b,3,l3235255,x3235255b
t21386157a,3,l3067447,x3067447a
t226163575b,3,l2989432,x2989432b
t5302514a,3,l2973164,x2973164a
t5138343c,3,l3010565,x3010565c
t226192762b,3,l2689678,x2689678b
t5157717b,3,l2748840,x2748840b
t5260602b,3,l2989566,x2989566b
t5138416c,3,l3141388,x3141388c
t21397771a,3,l2673317,x2673317a
t21399171c,3,l2822870,x2822870c
t226191779c,3,l2745799,x2745799c
t5207291c,3,l2786274,x2786274c
t5302679a,3,l2897772,x2897772a
t5441854c,3,l2935566,x2935566c
t228532641a,3,l3091052,x3091052a
t5138776c,3,l3010566,x3010566c
t5302410a,3,l3104131,x3104131a
t5356010a,3,l3216336,x3216336a
t226192994a,3,l2858166,x2858166a
t5337629c,3,l2748128,x2748128c
t5338967c,3,l2673318,x2673318c
t21397304a,3,l2973169,x2973169a
t5310570a,3,l3160106,x3160106a
t5260637c,3,l2842384,x2842384c
t5260577c,3,l2767341,x2767341c
t5293658c,3,l3189188,x3189188c
t21482279a,3,l2710544,x2710544a
t21015706a,3,l3160123,x3160123a
t5355607b,3,l2991927,x2991927b
t21483138a,3,l3122847,x3122847a
t226192492b,3,l3008232,x3008232b
t5260591b,3,l3179607,x3179607b
t5293486c,3,l2673346,x2673346c
t5337690b,3,l3104127,x3104127b
t5356805a,3,l3195321,x3195321a
t5338963c,3,l2673303,x2673303c
t5294789a,3,l2895461,x2895461a
t226192684a,3,l3027116,x3027116a
t21475841a,3,l2992657,x2992657a
t5337642c,3,l3104154,x3104154c
t21451973b,3,l3010580,x3010580b
t2224386863a,3,l3727710,x3727710a
t5351021c,3,l2692664,x2692664c
t21384099a,3,l3215385,x3215385a
t21384099b,3,l3215385,x3215385b
t21384099c,3,l3215385,x3215385c
t21397645a,3,l2860493,x2860493a
t227896008c,3,l3177881,x3177881c
t2224386842a,3,l3727709,x3727709a
t5138752b,3,l2785528,x2785528b
t5339012b,3,l2973171,x2973171b
t5138412c,3,l2785523,x2785523c
t2224237546a,3,l3649300,x3649300a
t5302861c,3,l2748133,x2748133c
t21399630a,3,l3233353,x3233353a
t5337705b,3,l2785547,x2785547b
t5323277b,3,l2897800,x2897800b
t5337652b,3,l2991939,x2991939b
t225571845b,3,l2948732,x2948732b
t5247162b,3,l0247162,x0247162b
t5247126b,3,l2879065,x2879065b
t5138561a,3,l3104121,x3104121a
t5293425a,3,l2763153,x2763153a
t5294786c,3,l2766724,x2766724c
t5260491c,3,l2805031,x2805031c
t5275248b,3,l2805036,x2805036b
t5339044c,3,l3197625,x3197625c
t5356810c,3,l3142049,x3142049c
t2223703238c,3,l3342743,x3342743c
t28044328c,3,l2785524,x2785524c
t5293665c,3,l2973166,x2973166c
t225533675b,3,l3225319,x3225319b
t226191850a,3,l3270814,x3270814a
t5338899c,3,l3122814,x3122814c
t5337628c,3,l2897770,x2897770c
t5355767b,3,l3197634,x3197634b
t0107636a,3,l3030204,x3030204a
t226308729b,3,l3102286,x3102286b
t226195333c,3,l2801909,x2801909c
t5337669a,3,l3122811,x3122811a
t5338942a,3,l2822869,x2822869a
t21474556a,3,l3086098,x3086098a
t225897846a,3,l3120504,x3120504a
t2224386889a,3,l3727712,x3727712a
t5294842a,3,l3101789,x3101789a
t5138647c,3,l3254210,x3254210c
t5260464a,3,l2730187,x2730187a
t5337648b,3,l3216367,x3216367b
t5275000c,3,l2710509,x2710509c
t5337674a,3,l3066805,x3066805a
t5338932c,3,l3197661,x3197661c
t5356793c,3,l3179608,x3179608c
t228549643a,3,l2916234,x2916234a
t5302471a,3,l3085402,x3085402a
t225897943c,3,l2875754,x2875754c
t5355590b,3,l2860478,x2860478b
t5247164b,3,l2766732,x2766732b
t5207288b,3,l3198355,x3198355b
t227895952a,3,l3065665,x3065665a
t21148701b,3,l2897771,x2897771b
t5138294b,3,l2785516,x2785516b
t22112168866c,3,l2729206,x2729206c
t226192185a,3,l3195310,x3195310a
t21458756c,3,l3232301,x3232301c
t5260624c,3,l3048946,x3048946c
t5251867c,3,l2861157,x2861157c
t228580047b,3,l3029183,x3029183b
t5138684a,3,l3085396,x3085396a
t5138570a,3,l2748146,x2748146a
t21399361b,3,l2691954,x2691954b
t226193134c,3,l2895449,x2895449c
t5138258c,3,l2991911,x2991911c
t5293609c,3,l2785515,x2785515c
t5355938a,3,l2804262,x2804262a
t5247160b,3,l0247160,x0247160b
t5338975a,3,l2785537,x2785537a
t5302860c,3,l3122819,x3122819c
t5355598b,3,l2804245,x2804245b
t5323254b,3,l2879068,x2879068b
t21391242b,3,l2767409,x2767409b
t225533162a,3,l2685809,x2685809a
t5138585c,3,l3197637,x3197637c
t5138751b,3,l3066818,x3066818b
t225906836c,3,l2763407,x2763407c
t5260527b,3,l2711226,x2711226b
t5338947b,3,l3160109,x3160109b
t5321839a,3,l2710516,x2710516a
t5293591a,3,l3197641,x3197641a
t5302805c,3,l2954351,x2954351c
t5338993b,3,l2804272,x2804272b
t5138566a,3,l2785519,x2785519a
t5356797c,3,l2955006,x2955006c
t5338924c,3,l3104123,x3104123c
t5293655a,3,l2729414,x2729414a
t5293655b,3,l2729414,x2729414b
t5293655c,3,l2729414,x2729414c
t5260643a,3,l2692660,x2692660a
t5338987a,3,l2897793,x2897793a
t5302807c,3,l3235266,x3235266c
t227917122a,3,l2915534,x2915534a
t28127372a,3,l2804259,x2804259a
t226192493b,3,l2764399,x2764399b
t5337635c,3,l2822863,x2822863c
t5218475a,3,l3217057,x3217057a
t227760024a,3,l3215203,x3215203a
t227760024b,3,l3215203,x3215203b
t227760024c,3,l3215203,x3215203c
t21399305a,3,l3048221,x3048221a
t5260517c,3,l2767408,x2767408c
t21397121c,3,l3122848,x3122848c
t21399099a,3,l2841635,x2841635a
t5302375b,3,l2973162,x2973162b
t5338953b,3,l3122821,x3122821b
t5260574c,3,l3123452,x3123452c
t5391992a,3,l3029500,x3029500a
t5323264b,3,l3216344,x3216344b
t5338962c,3,l2748125,x2748125c
t5138755b,3,l2785520,x2785520b
t5338956a,3,l3104119,x3104119a
t5310568a,3,l2710517,x2710517a
t5337647a,3,l3048227,x3048227a
t28120195b,3,l3048209,x3048209b
t5293521a,3,l3216370,x3216370a
t5293521b,3,l3216370,x3216370b
t5293521c,3,l3216370,x3216370c
t5302677a,3,l3066819,x3066819a
t5355778c,3,l2673314,x2673314c
t5302369b,3,l3197643,x3197643b
t227917130c,3,l2803194,x2803194c
t5339007b,3,l2916617,x2916617b
t2224490448c,3,l3778577,x3778577c
t5337710b,3,l2991916,x2991916b
t22112168870c,3,l2897554,x2897554c
t21396796b,3,l3141397,x3141397b
t5321852c,3,l2916608,x2916608c
t226193899b,3,l3082983,x3082983b
t5323244b,3,l2804248,x2804248b
t5355937a,3,l2841639,x2841639a
t21395962a,3,l3197645,x3197645a
t5223661c,3,l2730108,x2730108c
t5337643c,3,l2897806,x2897806c
t5302810c,3,l3178977,x3178977c
t5391976c,3,l2841631,x2841631c
t5356796c,3,l3235945,x3235945c
t5260502b,3,l2748839,x2748839b
t225991691a,3,l2989571,x2989571a
t2224061203c,3,l3552667,x3552667c
t5138413c,3,l3216347,x3216347c
t5323287b,3,l2897789,x2897789b
t5321847b,3,l3160100,x3160100b
t5337687b,3,l2973156,x2973156b
t5302474a,3,l3048214,x3048214a
t21357865a,3,l2766719,x2766719a
t5355597b,3,l2729401,x2729401b
t229106135c,3,l2991640,x2991640c
t226264795a,3,l3139366,x3139366a
t5337729a,3,l2728247,x2728247a
t5337729b,3,l2728247,x2728247b
t5337729c,3,l2728247,x2728247c
t5293608c,3,l2673306,x2673306c
t5355936a,3,l2954357,x2954357a
t28149184c,3,l3141395,x3141395c
t226193338a,3,l2876796,x2876796a
t5391979c,3,l3197642,x3197642c
t5251862c,3,l3254873,x3254873c
t5355591b,3,l2822858,x2822858b
t2224387062a,3,l3728040,x3728040a
t226193361b,3,l3157710,x3157710b
t5323267b,3,l2710514,x2710514b
t226924200b,3,l2763072,x2763072b
t5302676a,3,l2710519,x2710519a
t2224386874a,3,l3727711,x3727711a
t5356009a,3,l2691936,x2691936a
t5138641c,3,l2841638,x2841638c
t5337714c,3,l3254209,x3254209c
t21380453a,3,l3010557,x3010557a
t226191778c,3,l2820528,x2820528c
t226029836a,3,l3251808,x3251808a
t2224237718a,3,l3649305,x3649305a
t226194093a,3,l3157718,x3157718a
t5302673a,3,l3010569,x3010569a
t5293522a,3,l2785527,x2785527a
t227917133c,3,l3047073,x3047073c
t2224238167a,3,l3649306,x3649306a
t5293592a,3,l2973161,x2973161a
t225918926b,3,l2688692,x2688692b
t5138717c,3,l3254220,x3254220c
t5356007a,3,l3141389,x3141389a
t5356008a,3,l3197618,x3197618a
t226193696a,3,l3143999,x3143999a
t5337689b,3,l2691949,x2691949b
t5337624c,3,l3066807,x3066807c
t5321880a,3,l2876812,x2876812a
t5392038b,3,l2841634,x2841634b
t5337712c,3,l3235245,x3235245c
t21399508a,3,l3104135,x3104135a
t5294809a,3,l2952014,x2952014a
t5274994c,3,l3048205,x3048205c
t5260461b,3,l2861223,x2861223b
t5223655c,3,l2936268,x2936268c
t5138465c,3,l2879055,x2879055c
t5323387b,3,l2690941,x2690941b
t5338918a,3,l2897773,x2897773a
t5260561c,3,l3104850,x3104850c
t226192846b,3,l3139086,x3139086b
t2224386750a,3,l3727707,x3727707a
t5260576c,3,l3030126,x3030126c
t5391756b,3,l2879079,x2879079b
t5391994a,3,l3066821,x3066821a
t5337715a,3,l3254204,x3254204a
t28150172a,3,l2748135,x2748135a
t5294844a,3,l2841623,x2841623a
t5337699b,3,l2954349,x2954349b
t226194002b,3,l2801902,x2801902b
t5321851b,3,l2729434,x2729434b
t5260555a,3,l3048962,x3048962a
t226101460a,3,l2857591,x2857591a
t28128517c,3,l3048890,x3048890c
t5260567c,3,l2936211,x2936211c
t5338981b,3,l2820535,x2820535b
t225533215c,3,l3097861,x3097861c
t5391743b,3,l3141390,x3141390b
t5391996a,3,l3141412,x3141412a
t28118822a,3,l2991920,x2991920a
t5260558c,3,l3160861,x3160861c
t5355842a,3,l2876813,x2876813a
t5338943c,3,l2729410,x2729410c
t5293492c,3,l2841637,x2841637c
t5355779c,3,l3122817,x3122817c
t5260457b,3,l3086079,x3086079b
t21393454b,3,l3179699,x3179699b
t5321848b,3,l3085390,x3085390b
t5338960c,3,l2897767,x2897767c
t5356065b,3,l3104124,x3104124b
t5138646a,3,l2804251,x2804251a
t5337654c,3,l3066808,x3066808c
t5337691b,3,l2897774,x2897774b
t5391738b,3,l3104115,x3104115b
t5247171b,3,l0247171,x0247171b
t226192175c,3,l3214055,x3214055c
t5328367c,3,l3104830,x3104830c
t5247084b,3,l3254211,x3254211b
t5247100b,3,l2729407,x2729407b
t226101449a,3,l3027133,x3027133a
t5321838a,3,l2691944,x2691944a
t226194262c,3,l2745806,x2745806c
t22112168887c,3,l2878848,x2878848c
t5355773a,3,l2991909,x2991909a
t226192926a,3,l2726973,x2726973a
t5337718a,3,l2691947,x2691947a
t5251859c,3,l2952007,x2952007c
t5260622c,3,l3198347,x3198347c
t21467859b,3,l2916625,x2916625b
t226193298a,3,l2820533,x2820533a
t21399809a,3,l2785531,x2785531a
t5294812a,3,l3120502,x3120502a
t226308723b,3,l3252336,x3252336b
t5338945a,3,l2954353,x2954353a
t5321837a,3,l2673312,x2673312a
t5441311a,3,l2766720,x2766720a
t5338934b,3,l2879070,x2879070b
t5157716b,3,l3179674,x3179674b
t5338930b,3,l3029506,x3029506b
t5337717a,3,l3216348,x3216348a
t21400215b,3,l3048231,x3048231b
t227921416a,3,l3065696,x3065696a
t5323399b,3,l3178974,x3178974b
t5321882c,3,l2916607,x2916607c
t5339021a,3,l3197652,x3197652a
t5355589b,3,l2691939,x2691939b
t225668688a,3,l2858175,x2858175a
t5302803c,3,l3085400,x3085400c
t5355596b,3,l3178969,x3178969b
t21400108b,3,l2748139,x2748139b
t21380500c,3,l3235242,x3235242c
t28150189a,3,l2729412,x2729412a
t226193737c,3,l3082981,x3082981c
t5391989a,3,l2766747,x2766747a
t5328365b,3,l3179646,x3179646b
t21387206c,3,l3235251,x3235251c
t5337661b,3,l2766749,x2766749b
t5338965a,3,l3010568,x3010568a
t5391748b,3,l2991902,x2991902b
t5356013a,3,l2954348,x2954348a
t5323255b,3,l2860484,x2860484b
t21399229a,3,l2879078,x2879078a
t2224237643a,3,l3649301,x3649301a
t5302473a,3,l2804252,x2804252a
t226193886b,3,l2783231,x2783231b
t5323394b,3,l2710504,x2710504b
t21383553b,3,l2935547,x2935547b
t5391742b,3,l3048201,x3048201b
t5274992c,3,l2804250,x2804250c
t225700953a,3,l3081380,x3081380a
t226964880a,3,l3172805,x3172805a
t21386552b,3,l2822867,x2822867b
t5302734a,3,l2991922,x2991922a
t5338955b,3,l3010560,x3010560b
t5339002b,3,l2785536,x2785536b
t5260551c,3,l3160872,x3160872c
t5337665b,3,l2973178,x2973178b
t21426205b,3,l2731712,x2731712b
t28120786a,3,l2841628,x2841628a
t5321849b,3,l2748152,x2748152b
t5339049a,3,l2916602,x2916602a
t225533337a,3,l2929261,x2929261a
t5138680a,3,l2710521,x2710521a
t21249626b,3,l3142079,x3142079b
t5337695b,3,l2879072,x2879072b
t5323249b,3,l2729427,x2729427b
t5321841b,3,l2954347,x2954347b
t5260595a,3,l2767340,x2767340a
t5260595b,3,l2767340,x2767340b
t5260595c,3,l2767340,x2767340c
t5293427c,3,l3104157,x3104157c
t5321858b,3,l3122815,x3122815b
t5274987c,3,l2916605,x2916605c
t227944551a,3,l3234149,x3234149a
t227944551b,3,l3234149,x3234149b
t227944551c,3,l3234149,x3234149c
t21386143c,3,l3160862,x3160862c
t226308727b,3,l3233413,x3233413b
t5274986c,3,l2822865,x2822865c
t5391981a,3,l2879081,x2879081a
t28147974b,3,l2691946,x2691946b
t227411655c,3,l2806553,x2806553c
t5302859c,3,l3254215,x3254215c
t226192801c,3,l2951995,x2951995c
t5138651c,3,l3197628,x3197628c
t21470122b,3,l2673343,x2673343b
t28127146b,3,l3160864,x3160864b
t5260601c,3,l2730149,x2730149c
t5323284b,3,l3160113,x3160113b
t5294810a,3,l3010585,x3010585a
t5355359b,3,l2766730,x2766730b
t5260638c,3,l3160871,x3160871c
t5338969a,3,l3104129,x3104129a
t5302672c,3,l3254205,x3254205c
t5339046a,3,l2785511,x2785511a
t5355588b,3,l2822857,x2822857b
t5262075c,3,l3067448,x3067448c
t5260508a,3,l2955081,x2955081a
t28099529c,3,l3235268,x3235268c
t5356795c,3,l2842330,x2842330c
t227917119a,3,l2821770,x2821770a
t21400253b,3,l2691959,x2691959b
t5356801a,3,l3011229,x3011229a
t5223663c,3,l2936216,x2936216c
t5138371c,3,l2879073,x2879073c
t5323247b,3,l2935553,x2935553b
t5138753b,3,l2748130,x2748130b
t5339097b,3,l3085410,x3085410b
t5323283b,3,l2916618,x2916618b
t5321883c,3,l3010564,x3010564c
t21391390b,3,l3217064,x3217064b
t5350994c,3,l3048968,x3048968c
t5391973c,3,l2673319,x2673319c
t5338937c,3,l2897777,x2897777c
t2224500658a,3,l3784018,x3784018a
t5138313a,3,l3141400,x3141400a
t21388572b,3,l3235252,x3235252b
t226010605c,3,l2764411,x2764411c
t5260554c,3,l3030200,x3030200c
t227653310c,3,l2746587,x2746587c
t5325473b,3,l3010562,x3010562b
t227187012a,3,l2896685,x2896685a
t227187012b,3,l2896685,x2896685b
t227187012c,3,l2896685,x2896685c
t28121368a,3,l2748143,x2748143a
t21398815a,3,l3216351,x3216351a
t5391993a,3,l3156034,x3156034a
t5247057a,3,l3104128,x3104128a
t5138472c,3,l2673309,x2673309c
t21474587c,3,l3104155,x3104155c
t21248901b,3,l2729430,x2729430b
t5138644a,3,l3197630,x3197630a
t5338908c,3,l2860481,x2860481c
t5323253b,3,l2973152,x2973152b
t21357901b,3,l3160117,x3160117b
t5323235b,3,l3197624,x3197624b
t226308710b,3,l2708744,x2708744b
t5260620c,3,l3067506,x3067506c
t5302834c,3,l2841625,x2841625c
t5323245b,3,l2785512,x2785512b
t5138236b,3,l2673305,x2673305b
t5323234b,3,l2860480,x2860480b
t226196642a,3,l2914324,x2914324a
t21386754a,3,l2766741,x2766741a
t5339001b,3,l3178988,x3178988b
t5339017c,3,l2729423,x2729423c
t28147708b,3,l2991929,x2991929b
t5356802a,3,l2767342,x2767342a
t5356815a,3,l2936212,x2936212a
t21389761b,3,l2861219,x2861219b
t226163467a,3,l3120376,x3120376a
t5302400a,3,l2991919,x2991919a
t21380599a,3,l3066804,x3066804a
t5274999c,3,l2935550,x2935550c
t5247105b,3,l2691942,x2691942b
t5260634a,3,l2842383,x2842383a
t5223660c,3,l3160863,x3160863c
t5337668b,3,l2935549,x2935549b
t226194865a,3,l3027122,x3027122a
t5338990b,3,l2673331,x2673331b
t5338988a,3,l3254231,x3254231a
t5321860b,3,l2785543,x2785543b
t21459640c,3,l2970258,x2970258c
t5323392b,3,l2748124,x2748124b
t5207290a,3,l2879773,x2879773a
t5302808c,3,l2841626,x2841626c
t28148633a,3,l2991905,x2991905a
t21015829a,3,l2822861,x2822861a
t5356011a,3,l3216337,x3216337a
t5260514c,3,l2674047,x2674047c
t5338976b,3,l2691967,x2691967b
t2224179616c,3,l3626914,x3626914c
t227903012a,3,l3177894,x3177894a
t226308716b,3,l2690187,x2690187b
t5293673a,3,l3122827,x3122827a
t2223664050b,3,l3315860,x3315860b
t5355942a,3,l2973165,x2973165a
t5338983b,3,l2691965,x2691965b
t5391991a,3,l3216346,x3216346a
t5321892c,3,l3235267,x3235267c
t5138464c,3,l3066801,x3066801c
t5260621c,3,l2898515,x2898515c
t5337697b,3,l2804258,x2804258b
t5302675a,3,l2954354,x2954354a
t226308730a,3,l2802481,x2802481a
t5323398b,3,l2710505,x2710505b
t5355587b,3,l3104114,x3104114b
t225533237b,3,l2798067,x2798067b
t28118808a,3,l3122825,x3122825a
t5337704b,3,l2710546,x2710546b
t5337701b,3,l2879071,x2879071b
t5337675a,3,l2785514,x2785514a
t5260594a,3,l2898457,x2898457a
t2224386815a,3,l3727708,x3727708a
t5260590b,3,l3216988,x3216988b
t5323266b,3,l3197632,x3197632b
t5293422c,3,l3178997,x3178997c
t5339005b,3,l2785535,x2785535b
t5337626c,3,l3216343,x3216343c
t5338919a,3,l2748127,x2748127a
t5355438c,3,l2673323,x2673323c
t5138798b,3,l3104859,x3104859b
t228001810a,3,l2859403,x2859403a
t5338915c,3,l2954345,x2954345c
t5339048a,3,l3160098,x3160098a
t5325474b,3,l3254228,x3254228b
t5321878a,3,l3101788,x3101788a
t5337677a,3,l2785513,x2785513a
t225684682b,3,l3231269,x3231269b
t28129399c,3,l2991921,x2991921c
t5302731a,3,l3122826,x3122826a
t21325725c,3,l2842390,x2842390c
t5138571a,3,l2991913,x2991913a
t5339020a,3,l3104144,x3104144a
t5339013b,3,l2804270,x2804270b
t5260632a,3,l2917333,x2917333a
t5247058a,3,l2673315,x2673315a
t225918936c,3,l2688693,x2688693c
t5321893c,3,l2841645,x2841645c
t5391740b,3,l3048200,x3048200b
t5138260a,3,l3048208,x3048208a
t5260535c,3,l3067507,x3067507c
t21389962c,3,l2804249,x2804249c
t5328363b,3,l2936213,x2936213b
t228057846a,3,l3215340,x3215340a
t5339052c,3,l3118855,x3118855c
t5323261b,3,l3085397,x3085397b
t5260569c,3,l3104796,x3104796c
t228622562a,3,l3108449,x3108449a
t5337632c,3,l2673307,x2673307c
t21398536a,3,l2973159,x2973159a
t5321877a,3,l3101787,x3101787a
t5338931c,3,l2785521,x2785521c
t5339016b,3,l3235273,x3235273b
t5356798c,3,l2692600,x2692600c
t21386442c,3,l3179637,x3179637c
t5337633c,3,l2729406,x2729406c
t5302678a,3,l3029499,x3029499a
t5251828b,3,l3179650,x3179650b
t5356803a,3,l2748780,x2748780a
t21386976a,3,l3141398,x3141398a
t5293668a,3,l3085403,x3085403a
t5138796b,3,l3236011,x3236011b
t5355584b,3,l2710542,x2710542b
t226191995b,3,l2801896,x2801896b
t5337688b,3,l3029501,x3029501b
t228446184a,3,l3159645,x3159645a
t226193698c,3,l3125349,x3125349c
t5325472b,3,l2973149,x2973149b
t21390038c,3,l3030205,x3030205c
t5356012a,3,l2841615,x2841615a
t5260495b,3,l2767407,x2767407b
t225767272a,3,l3139103,x3139103a
t28129466a,3,l3011293,x3011293a
t28129466b,3,l3011293,x3011293b
t28129466c,3,l3011293,x3011293c
t226193702c,3,l3181545,x3181545c
t5338917a,3,l2935555,x2935555a
t5323248b,3,l3048207,x3048207b
t5337707b,3,l3160104,x3160104b
t21393643a,3,l2851933,x2851933a
t21393643b,3,l2851933,x2851933b
t21393643c,3,l2851933,x2851933c
t5247170b,3,l2897784,x2897784b
t5293664a,3,l3207907,x3207907a
t5293664b,3,l3207907,x3207907b
t5293664c,3,l3207907,x3207907c
t226193395b,3,l2726974,x2726974b
t5138262a,3,l3029502,x3029502a
t5338923c,3,l3178972,x3178972c
t5260607b,3,l3029055,x3029055b
t5302368b,3,l3029507,x3029507b
t5338989a,3,l3254230,x3254230a
t5260639c,3,l3030203,x3030203c
t5323273b,3,l3048203,x3048203b
t5260521b,3,l3048963,x3048963b
t21380325b,3,l2674027,x2674027b
t5391753b,3,l2973163,x2973163b
t5260479a,3,l2955074,x2955074a
t5337645b,3,l3216342,x3216342b
t5275008c,3,l3235243,x3235243c
t226194421c,3,l3214069,x3214069c
t5338972b,3,l2841632,x2841632b
t5391747b,3,l2822859,x2822859b
t5251865c,3,l3142050,x3142050c
t5338898a,3,l2973155,x2973155a
t5260605a,3,l2973791,x2973791a
t5138405c,3,l2841629,x2841629c
t21397544a,3,l2822868,x2822868a
t5302370b,3,l3122823,x3122823b
t5337614b,3,l2952003,x2952003b
t5260467a,3,l3104856,x3104856a
t5223662c,3,l2786204,x2786204c
t21384215a,3,l2841622,x2841622a
t21380528a,3,l2973150,x2973150a
t5339003b,3,l3066826,x3066826b
t21396959a,3,l3197638,x3197638a
t5391985a,3,l2785530,x2785530a
t226195153b,3,l3082988,x3082988b
t5302733a,3,l2860491,x2860491a
t5302733b,3,l2860491,x2860491b
t1108403a,3,m1108403,x1108403a
t1108403b,3,m1108403,x1108403b
t1108403c,3,m1108403,x1108403c
t1108404a,3,m1108404,x1108404a
t1108404b,3,m1108404,x1108404b
t1108404c,3,m1108404,x1108404c
t1108405a,3,m1108405,x1108405a
t1108405b,3,m1108405,x1108405b
t1108405c,3,m1108405,x1108405c
t1108406a,3,m1108406,x1108406a
t1108406b,3,m1108406,x1108406b
t1108407b,3,m1108407,x1108407b
t6061820b,3,m1108410,x1108410b
t2000402a,3,m2000402,x2000402a
t2000403a,3,m2000403,x2000403a
t2000404a,3,m2000404,x2000404a
t2000405a,3,m2000405,x2000405a
t2000406a,3,m2000406,x2000406a
t2000407a,3,m2000407,x2000407a
t2000408a,3,m2000408,x2000408a
t2000409a,3,m2000409,x2000409a
t2000410a,3,m2000410,x2000410a
t2000411a,3,m2000411,x2000411a
t2000412a,3,m2000412,x2000412a
t2000413a,3,m2000413,x2000413a
t2000414a,3,m2000414,x2000414a
t2000415a,3,m2000415,x2000415a
t2000702b,3,m2000702,x2000702b
t2000703b,3,m2000703,x2000703b
t2000704b,3,m2000704,x2000704b
t2000705b,3,m2000705,x2000705b
t2000706b,3,m2000706,x2000706b
t2000707b,3,m2000707,x2000707b
t2000708b,3,m2000708,x2000708b
t2000709b,3,m2000709,x2000709b
t2000710b,3,m2000710,x2000710b
t2000711b,3,m2000711,x2000711b
t2000712b,3,m2000712,x2000712b
t2000713b,3,m2000713,x2000713b
t2000714b,3,m2000714,x2000714b
t2000715b,3,m2000715,x2000715b
t2000902c,3,m2000902,x2000902c
t2000903c,3,m2000903,x2000903c
t2000904c,3,m2000904,x2000904c
t2000905c,3,m2000905,x2000905c
t2000906c,3,m2000906,x2000906c
t2000907c,3,m2000907,x2000907c
t2000908c,3,m2000908,x2000908c
t2000909c,3,m2000909,x2000909c
t2000910c,3,m2000910,x2000910c
t2000911c,3,m2000911,x2000911c
t2000912c,3,m2000912,x2000912c
t2000913c,3,m2000913,x2000913c
t2000914c,3,m2000914,x2000914c
t2000915c,3,m2000915,x2000915c
t2001002b,3,m2001002,x2001002b
t2001003b,3,m2001003,x2001003b
t2001004b,3,m2001004,x2001004b
t2001005b,3,m2001005,x2001005b
t2001006b,3,m2001006,x2001006b
t2001007b,3,m2001007,x2001007b
t2001008b,3,m2001008,x2001008b
t2001009b,3,m2001009,x2001009b
t2001010b,3,m2001010,x2001010b
t2001011b,3,m2001011,x2001011b
t2001012b,3,m2001012,x2001012b
t2001013b,3,m2001013,x2001013b
t2001014b,3,m2001014,x2001014b
t2001015b,3,m2001015,x2001015b
t2001202c,3,m2001202,x2001202c
t2001203c,3,m2001203,x2001203c
t2001204c,3,m2001204,x2001204c
t2001205c,3,m2001205,x2001205c
t2001206c,3,m2001206,x2001206c
t2001207c,3,m2001207,x2001207c
t2001208c,3,m2001208,x2001208c
t2001209c,3,m2001209,x2001209c
t2001210c,3,m2001210,x2001210c
t2001211c,3,m2001211,x2001211c
t2001212c,3,m2001212,x2001212c
t2001213c,3,m2001213,x2001213c
t2001214c,3,m2001214,x2001214c
t2001215c,3,m2001215,x2001215c
t2001302a,3,m2001302,x2001302a
t2001303a,3,m2001303,x2001303a
t2001304a,3,m2001304,x2001304a
t2001305a,3,m2001305,x2001305a
t2001306a,3,m2001306,x2001306a
t2001307a,3,m2001307,x2001307a
t2001308a,3,m2001308,x2001308a
t2001309a,3,m2001309,x2001309a
t2001310a,3,m2001310,x2001310a
t2001311a,3,m2001311,x2001311a
t2001312a,3,m2001312,x2001312a
t2001313a,3,m2001313,x2001313a
t2001314a,3,m2001314,x2001314a
t2001315a,3,m2001315,x2001315a
t2001400c,3,m2001400,x2001400c
vreg2_a,2,regxfmr_190-8593,190-8593
vreg2_b,2,regxfmr_190-8593,190-8593
vreg2_c,2,regxfmr_190-8593,190-8593
vreg3_a,2,regxfmr_190-8581,190-8581
vreg3_b,2,regxfmr_190-8581,190-8581
vreg3_c,2,regxfmr_190-8581,190-8581
vreg4_a,2,regxfmr_190-7361,190-7361
vreg4_b,2,regxfmr_190-7361,190-7361
vreg4_c,2,regxfmr_190-7361,190-7361
1209-dies1,2,e192258,m1209der480-1
1142-lng1,2,m1142813,m1142der480-1
2001-mt123,2,m2001500,m2001der480-1
1089-lng1,2,m1089186,m1089der480-1
1089-dies1,2,m1089220,m1089der480-2
1069-mt1,2,m1069215,m1069der480-1
2001-ess12,2,m2001500,m2001der480-2
